path,label,split
E:\Projects-Seyed.Jasemi\Amir_Thesis\TUBITAK-1002\datasets\FASDD_RS\images\neitherFireNorSmoke_RS000000.tif,neither,train
E:\Projects-Seyed.Jasemi\Amir_Thesis\TUBITAK-1002\datasets\FASDD_RS\images\neitherFireNorSmoke_RS000001.tif,neither,val
E:\Projects-Seyed.Jasemi\Amir_Thesis\TUBITAK-1002\datasets\FASDD_RS\images\neitherFireNorSmoke_RS000002.tif,neither,test
E:\Projects-Seyed.Jasemi\Amir_Thesis\TUBITAK-1002\datasets\FASDD_RS\images\neitherFireNorSmoke_RS000003.tif,neither,train
E:\Projects-Seyed.Jasemi\Amir_Thesis\TUBITAK-1002\datasets\FASDD_RS\images\neitherFireNorSmoke_RS000004.tif,neither,train
E:\Projects-Seyed.Jasemi\Amir_Thesis\TUBITAK-1002\datasets\FASDD_RS\images\neitherFireNorSmoke_RS000005.tif,neither,test
E:\Projects-Seyed.Jasemi\Amir_Thesis\TUBITAK-1002\datasets\FASDD_RS\images\neitherFireNorSmoke_RS000006.tif,neither,train
E:\Projects-Seyed.Jasemi\Amir_Thesis\TUBITAK-1002\datasets\FASDD_RS\images\neitherFireNorSmoke_RS000007.tif,neither,train
E:\Projects-Seyed.Jasemi\Amir_Thesis\TUBITAK-1002\datasets\FASDD_RS\images\neitherFireNorSmoke_RS000008.tif,neither,val
E:\Projects-Seyed.Jasemi\Amir_Thesis\TUBITAK-1002\datasets\FASDD_RS\images\neitherFireNorSmoke_RS000009.tif,neither,test
E:\Projects-Seyed.Jasemi\Amir_Thesis\TUBITAK-1002\datasets\FASDD_RS\images\neitherFireNorSmoke_RS000010.tif,neither,train
E:\Projects-Seyed.Jasemi\Amir_Thesis\TUBITAK-1002\datasets\FASDD_RS\images\neitherFireNorSmoke_RS000011.tif,neither,train
E:\Projects-Seyed.Jasemi\Amir_Thesis\TUBITAK-1002\datasets\FASDD_RS\images\neitherFireNorSmoke_RS000012.tif,neither,test
E:\Projects-Seyed.Jasemi\Amir_Thesis\TUBITAK-1002\datasets\FASDD_RS\images\neitherFireNorSmoke_RS000013.tif,neither,train
E:\Projects-Seyed.Jasemi\Amir_Thesis\TUBITAK-1002\datasets\FASDD_RS\images\neitherFireNorSmoke_RS000014.tif,neither,val
E:\Projects-Seyed.Jasemi\Amir_Thesis\TUBITAK-1002\datasets\FASDD_RS\images\neitherFireNorSmoke_RS000015.tif,neither,train
E:\Projects-Seyed.Jasemi\Amir_Thesis\TUBITAK-1002\datasets\FASDD_RS\images\neitherFireNorSmoke_RS000016.tif,neither,train
E:\Projects-Seyed.Jasemi\Amir_Thesis\TUBITAK-1002\datasets\FASDD_RS\images\neitherFireNorSmoke_RS000017.tif,neither,val
E:\Projects-Seyed.Jasemi\Amir_Thesis\TUBITAK-1002\datasets\FASDD_RS\images\neitherFireNorSmoke_RS000018.tif,neither,val
E:\Projects-Seyed.Jasemi\Amir_Thesis\TUBITAK-1002\datasets\FASDD_RS\images\neitherFireNorSmoke_RS000019.tif,neither,train
E:\Projects-Seyed.Jasemi\Amir_Thesis\TUBITAK-1002\datasets\FASDD_RS\images\neitherFireNorSmoke_RS000020.tif,neither,train
E:\Projects-Seyed.Jasemi\Amir_Thesis\TUBITAK-1002\datasets\FASDD_RS\images\neitherFireNorSmoke_RS000021.tif,neither,val
E:\Projects-Seyed.Jasemi\Amir_Thesis\TUBITAK-1002\datasets\FASDD_RS\images\neitherFireNorSmoke_RS000022.tif,neither,test
E:\Projects-Seyed.Jasemi\Amir_Thesis\TUBITAK-1002\datasets\FASDD_RS\images\neitherFireNorSmoke_RS000023.tif,neither,train
E:\Projects-Seyed.Jasemi\Amir_Thesis\TUBITAK-1002\datasets\FASDD_RS\images\neitherFireNorSmoke_RS000024.tif,neither,val
E:\Projects-Seyed.Jasemi\Amir_Thesis\TUBITAK-1002\datasets\FASDD_RS\images\neitherFireNorSmoke_RS000025.tif,neither,train
E:\Projects-Seyed.Jasemi\Amir_Thesis\TUBITAK-1002\datasets\FASDD_RS\images\neitherFireNorSmoke_RS000026.tif,neither,test
E:\Projects-Seyed.Jasemi\Amir_Thesis\TUBITAK-1002\datasets\FASDD_RS\images\neitherFireNorSmoke_RS000027.tif,neither,val
E:\Projects-Seyed.Jasemi\Amir_Thesis\TUBITAK-1002\datasets\FASDD_RS\images\neitherFireNorSmoke_RS000028.tif,neither,val
E:\Projects-Seyed.Jasemi\Amir_Thesis\TUBITAK-1002\datasets\FASDD_RS\images\neitherFireNorSmoke_RS000029.tif,neither,test
E:\Projects-Seyed.Jasemi\Amir_Thesis\TUBITAK-1002\datasets\FASDD_RS\images\neitherFireNorSmoke_RS000030.tif,neither,test
E:\Projects-Seyed.Jasemi\Amir_Thesis\TUBITAK-1002\datasets\FASDD_RS\images\neitherFireNorSmoke_RS000031.tif,neither,test
E:\Projects-Seyed.Jasemi\Amir_Thesis\TUBITAK-1002\datasets\FASDD_RS\images\neitherFireNorSmoke_RS000032.tif,neither,val
E:\Projects-Seyed.Jasemi\Amir_Thesis\TUBITAK-1002\datasets\FASDD_RS\images\neitherFireNorSmoke_RS000033.tif,neither,val
E:\Projects-Seyed.Jasemi\Amir_Thesis\TUBITAK-1002\datasets\FASDD_RS\images\neitherFireNorSmoke_RS000034.tif,neither,train
E:\Projects-Seyed.Jasemi\Amir_Thesis\TUBITAK-1002\datasets\FASDD_RS\images\neitherFireNorSmoke_RS000035.tif,neither,test
E:\Projects-Seyed.Jasemi\Amir_Thesis\TUBITAK-1002\datasets\FASDD_RS\images\neitherFireNorSmoke_RS000036.tif,neither,val
E:\Projects-Seyed.Jasemi\Amir_Thesis\TUBITAK-1002\datasets\FASDD_RS\images\neitherFireNorSmoke_RS000037.tif,neither,train
E:\Projects-Seyed.Jasemi\Amir_Thesis\TUBITAK-1002\datasets\FASDD_RS\images\neitherFireNorSmoke_RS000038.tif,neither,val
E:\Projects-Seyed.Jasemi\Amir_Thesis\TUBITAK-1002\datasets\FASDD_RS\images\neitherFireNorSmoke_RS000039.tif,neither,train
E:\Projects-Seyed.Jasemi\Amir_Thesis\TUBITAK-1002\datasets\FASDD_RS\images\neitherFireNorSmoke_RS000040.tif,neither,val
E:\Projects-Seyed.Jasemi\Amir_Thesis\TUBITAK-1002\datasets\FASDD_RS\images\neitherFireNorSmoke_RS000041.tif,neither,val
E:\Projects-Seyed.Jasemi\Amir_Thesis\TUBITAK-1002\datasets\FASDD_RS\images\neitherFireNorSmoke_RS000042.tif,neither,train
E:\Projects-Seyed.Jasemi\Amir_Thesis\TUBITAK-1002\datasets\FASDD_RS\images\neitherFireNorSmoke_RS000043.tif,neither,train
E:\Projects-Seyed.Jasemi\Amir_Thesis\TUBITAK-1002\datasets\FASDD_RS\images\neitherFireNorSmoke_RS000044.tif,neither,test
E:\Projects-Seyed.Jasemi\Amir_Thesis\TUBITAK-1002\datasets\FASDD_RS\images\neitherFireNorSmoke_RS000045.tif,neither,val
E:\Projects-Seyed.Jasemi\Amir_Thesis\TUBITAK-1002\datasets\FASDD_RS\images\neitherFireNorSmoke_RS000046.tif,neither,val
E:\Projects-Seyed.Jasemi\Amir_Thesis\TUBITAK-1002\datasets\FASDD_RS\images\neitherFireNorSmoke_RS000047.tif,neither,train
E:\Projects-Seyed.Jasemi\Amir_Thesis\TUBITAK-1002\datasets\FASDD_RS\images\neitherFireNorSmoke_RS000048.tif,neither,val
E:\Projects-Seyed.Jasemi\Amir_Thesis\TUBITAK-1002\datasets\FASDD_RS\images\neitherFireNorSmoke_RS000049.tif,neither,train
E:\Projects-Seyed.Jasemi\Amir_Thesis\TUBITAK-1002\datasets\FASDD_RS\images\neitherFireNorSmoke_RS000050.tif,neither,train
E:\Projects-Seyed.Jasemi\Amir_Thesis\TUBITAK-1002\datasets\FASDD_RS\images\neitherFireNorSmoke_RS000051.tif,neither,val
E:\Projects-Seyed.Jasemi\Amir_Thesis\TUBITAK-1002\datasets\FASDD_RS\images\neitherFireNorSmoke_RS000052.tif,neither,train
E:\Projects-Seyed.Jasemi\Amir_Thesis\TUBITAK-1002\datasets\FASDD_RS\images\neitherFireNorSmoke_RS000053.tif,neither,train
E:\Projects-Seyed.Jasemi\Amir_Thesis\TUBITAK-1002\datasets\FASDD_RS\images\neitherFireNorSmoke_RS000054.tif,neither,train
E:\Projects-Seyed.Jasemi\Amir_Thesis\TUBITAK-1002\datasets\FASDD_RS\images\neitherFireNorSmoke_RS000055.tif,neither,train
E:\Projects-Seyed.Jasemi\Amir_Thesis\TUBITAK-1002\datasets\FASDD_RS\images\neitherFireNorSmoke_RS000056.tif,neither,train
E:\Projects-Seyed.Jasemi\Amir_Thesis\TUBITAK-1002\datasets\FASDD_RS\images\neitherFireNorSmoke_RS000057.tif,neither,val
E:\Projects-Seyed.Jasemi\Amir_Thesis\TUBITAK-1002\datasets\FASDD_RS\images\neitherFireNorSmoke_RS000058.tif,neither,train
E:\Projects-Seyed.Jasemi\Amir_Thesis\TUBITAK-1002\datasets\FASDD_RS\images\neitherFireNorSmoke_RS000059.tif,neither,train
E:\Projects-Seyed.Jasemi\Amir_Thesis\TUBITAK-1002\datasets\FASDD_RS\images\neitherFireNorSmoke_RS000060.tif,neither,val
E:\Projects-Seyed.Jasemi\Amir_Thesis\TUBITAK-1002\datasets\FASDD_RS\images\neitherFireNorSmoke_RS000061.tif,neither,train
E:\Projects-Seyed.Jasemi\Amir_Thesis\TUBITAK-1002\datasets\FASDD_RS\images\neitherFireNorSmoke_RS000062.tif,neither,train
E:\Projects-Seyed.Jasemi\Amir_Thesis\TUBITAK-1002\datasets\FASDD_RS\images\neitherFireNorSmoke_RS000063.tif,neither,train
E:\Projects-Seyed.Jasemi\Amir_Thesis\TUBITAK-1002\datasets\FASDD_RS\images\neitherFireNorSmoke_RS000064.tif,neither,test
E:\Projects-Seyed.Jasemi\Amir_Thesis\TUBITAK-1002\datasets\FASDD_RS\images\neitherFireNorSmoke_RS000065.tif,neither,train
E:\Projects-Seyed.Jasemi\Amir_Thesis\TUBITAK-1002\datasets\FASDD_RS\images\neitherFireNorSmoke_RS000066.tif,neither,val
E:\Projects-Seyed.Jasemi\Amir_Thesis\TUBITAK-1002\datasets\FASDD_RS\images\neitherFireNorSmoke_RS000067.tif,neither,train
E:\Projects-Seyed.Jasemi\Amir_Thesis\TUBITAK-1002\datasets\FASDD_RS\images\neitherFireNorSmoke_RS000068.tif,neither,train
E:\Projects-Seyed.Jasemi\Amir_Thesis\TUBITAK-1002\datasets\FASDD_RS\images\neitherFireNorSmoke_RS000069.tif,neither,train
E:\Projects-Seyed.Jasemi\Amir_Thesis\TUBITAK-1002\datasets\FASDD_RS\images\neitherFireNorSmoke_RS000070.tif,neither,train
E:\Projects-Seyed.Jasemi\Amir_Thesis\TUBITAK-1002\datasets\FASDD_RS\images\neitherFireNorSmoke_RS000071.tif,neither,val
E:\Projects-Seyed.Jasemi\Amir_Thesis\TUBITAK-1002\datasets\FASDD_RS\images\neitherFireNorSmoke_RS000072.tif,neither,val
E:\Projects-Seyed.Jasemi\Amir_Thesis\TUBITAK-1002\datasets\FASDD_RS\images\neitherFireNorSmoke_RS000073.tif,neither,train
E:\Projects-Seyed.Jasemi\Amir_Thesis\TUBITAK-1002\datasets\FASDD_RS\images\neitherFireNorSmoke_RS000074.tif,neither,val
E:\Projects-Seyed.Jasemi\Amir_Thesis\TUBITAK-1002\datasets\FASDD_RS\images\neitherFireNorSmoke_RS000075.tif,neither,train
E:\Projects-Seyed.Jasemi\Amir_Thesis\TUBITAK-1002\datasets\FASDD_RS\images\neitherFireNorSmoke_RS000076.tif,neither,train
E:\Projects-Seyed.Jasemi\Amir_Thesis\TUBITAK-1002\datasets\FASDD_RS\images\neitherFireNorSmoke_RS000077.tif,neither,train
E:\Projects-Seyed.Jasemi\Amir_Thesis\TUBITAK-1002\datasets\FASDD_RS\images\neitherFireNorSmoke_RS000078.tif,neither,val
E:\Projects-Seyed.Jasemi\Amir_Thesis\TUBITAK-1002\datasets\FASDD_RS\images\neitherFireNorSmoke_RS000079.tif,neither,train
E:\Projects-Seyed.Jasemi\Amir_Thesis\TUBITAK-1002\datasets\FASDD_RS\images\neitherFireNorSmoke_RS000080.tif,neither,train
E:\Projects-Seyed.Jasemi\Amir_Thesis\TUBITAK-1002\datasets\FASDD_RS\images\neitherFireNorSmoke_RS000081.tif,neither,train
E:\Projects-Seyed.Jasemi\Amir_Thesis\TUBITAK-1002\datasets\FASDD_RS\images\neitherFireNorSmoke_RS000082.tif,neither,train
E:\Projects-Seyed.Jasemi\Amir_Thesis\TUBITAK-1002\datasets\FASDD_RS\images\neitherFireNorSmoke_RS000083.tif,neither,val
E:\Projects-Seyed.Jasemi\Amir_Thesis\TUBITAK-1002\datasets\FASDD_RS\images\neitherFireNorSmoke_RS000084.tif,neither,train
E:\Projects-Seyed.Jasemi\Amir_Thesis\TUBITAK-1002\datasets\FASDD_RS\images\neitherFireNorSmoke_RS000085.tif,neither,val
E:\Projects-Seyed.Jasemi\Amir_Thesis\TUBITAK-1002\datasets\FASDD_RS\images\neitherFireNorSmoke_RS000086.tif,neither,val
E:\Projects-Seyed.Jasemi\Amir_Thesis\TUBITAK-1002\datasets\FASDD_RS\images\neitherFireNorSmoke_RS000087.tif,neither,train
E:\Projects-Seyed.Jasemi\Amir_Thesis\TUBITAK-1002\datasets\FASDD_RS\images\neitherFireNorSmoke_RS000088.tif,neither,test
E:\Projects-Seyed.Jasemi\Amir_Thesis\TUBITAK-1002\datasets\FASDD_RS\images\neitherFireNorSmoke_RS000089.tif,neither,train
E:\Projects-Seyed.Jasemi\Amir_Thesis\TUBITAK-1002\datasets\FASDD_RS\images\neitherFireNorSmoke_RS000090.tif,neither,train
E:\Projects-Seyed.Jasemi\Amir_Thesis\TUBITAK-1002\datasets\FASDD_RS\images\neitherFireNorSmoke_RS000091.tif,neither,train
E:\Projects-Seyed.Jasemi\Amir_Thesis\TUBITAK-1002\datasets\FASDD_RS\images\neitherFireNorSmoke_RS000092.tif,neither,train
E:\Projects-Seyed.Jasemi\Amir_Thesis\TUBITAK-1002\datasets\FASDD_RS\images\neitherFireNorSmoke_RS000093.tif,neither,val
E:\Projects-Seyed.Jasemi\Amir_Thesis\TUBITAK-1002\datasets\FASDD_RS\images\neitherFireNorSmoke_RS000094.tif,neither,train
E:\Projects-Seyed.Jasemi\Amir_Thesis\TUBITAK-1002\datasets\FASDD_RS\images\neitherFireNorSmoke_RS000095.tif,neither,val
E:\Projects-Seyed.Jasemi\Amir_Thesis\TUBITAK-1002\datasets\FASDD_RS\images\neitherFireNorSmoke_RS000096.tif,neither,test
E:\Projects-Seyed.Jasemi\Amir_Thesis\TUBITAK-1002\datasets\FASDD_RS\images\neitherFireNorSmoke_RS000097.tif,neither,train
E:\Projects-Seyed.Jasemi\Amir_Thesis\TUBITAK-1002\datasets\FASDD_RS\images\neitherFireNorSmoke_RS000098.tif,neither,val
E:\Projects-Seyed.Jasemi\Amir_Thesis\TUBITAK-1002\datasets\FASDD_RS\images\neitherFireNorSmoke_RS000099.tif,neither,train
E:\Projects-Seyed.Jasemi\Amir_Thesis\TUBITAK-1002\datasets\FASDD_RS\images\neitherFireNorSmoke_RS000100.tif,neither,train
E:\Projects-Seyed.Jasemi\Amir_Thesis\TUBITAK-1002\datasets\FASDD_RS\images\neitherFireNorSmoke_RS000101.tif,neither,val
E:\Projects-Seyed.Jasemi\Amir_Thesis\TUBITAK-1002\datasets\FASDD_RS\images\neitherFireNorSmoke_RS000102.tif,neither,test
E:\Projects-Seyed.Jasemi\Amir_Thesis\TUBITAK-1002\datasets\FASDD_RS\images\neitherFireNorSmoke_RS000103.tif,neither,train
E:\Projects-Seyed.Jasemi\Amir_Thesis\TUBITAK-1002\datasets\FASDD_RS\images\neitherFireNorSmoke_RS000104.tif,neither,test
E:\Projects-Seyed.Jasemi\Amir_Thesis\TUBITAK-1002\datasets\FASDD_RS\images\neitherFireNorSmoke_RS000105.tif,neither,val
E:\Projects-Seyed.Jasemi\Amir_Thesis\TUBITAK-1002\datasets\FASDD_RS\images\neitherFireNorSmoke_RS000106.tif,neither,val
E:\Projects-Seyed.Jasemi\Amir_Thesis\TUBITAK-1002\datasets\FASDD_RS\images\neitherFireNorSmoke_RS000107.tif,neither,train
E:\Projects-Seyed.Jasemi\Amir_Thesis\TUBITAK-1002\datasets\FASDD_RS\images\neitherFireNorSmoke_RS000108.tif,neither,train
E:\Projects-Seyed.Jasemi\Amir_Thesis\TUBITAK-1002\datasets\FASDD_RS\images\neitherFireNorSmoke_RS000109.tif,neither,train
E:\Projects-Seyed.Jasemi\Amir_Thesis\TUBITAK-1002\datasets\FASDD_RS\images\neitherFireNorSmoke_RS000110.tif,neither,test
E:\Projects-Seyed.Jasemi\Amir_Thesis\TUBITAK-1002\datasets\FASDD_RS\images\neitherFireNorSmoke_RS000111.tif,neither,val
E:\Projects-Seyed.Jasemi\Amir_Thesis\TUBITAK-1002\datasets\FASDD_RS\images\neitherFireNorSmoke_RS000112.tif,neither,val
E:\Projects-Seyed.Jasemi\Amir_Thesis\TUBITAK-1002\datasets\FASDD_RS\images\neitherFireNorSmoke_RS000113.tif,neither,train
E:\Projects-Seyed.Jasemi\Amir_Thesis\TUBITAK-1002\datasets\FASDD_RS\images\neitherFireNorSmoke_RS000114.tif,neither,train
E:\Projects-Seyed.Jasemi\Amir_Thesis\TUBITAK-1002\datasets\FASDD_RS\images\neitherFireNorSmoke_RS000115.tif,neither,train
E:\Projects-Seyed.Jasemi\Amir_Thesis\TUBITAK-1002\datasets\FASDD_RS\images\neitherFireNorSmoke_RS000116.tif,neither,val
E:\Projects-Seyed.Jasemi\Amir_Thesis\TUBITAK-1002\datasets\FASDD_RS\images\neitherFireNorSmoke_RS000117.tif,neither,val
E:\Projects-Seyed.Jasemi\Amir_Thesis\TUBITAK-1002\datasets\FASDD_RS\images\neitherFireNorSmoke_RS000118.tif,neither,val
E:\Projects-Seyed.Jasemi\Amir_Thesis\TUBITAK-1002\datasets\FASDD_RS\images\neitherFireNorSmoke_RS000119.tif,neither,train
E:\Projects-Seyed.Jasemi\Amir_Thesis\TUBITAK-1002\datasets\FASDD_RS\images\neitherFireNorSmoke_RS000120.tif,neither,test
E:\Projects-Seyed.Jasemi\Amir_Thesis\TUBITAK-1002\datasets\FASDD_RS\images\neitherFireNorSmoke_RS000121.tif,neither,train
E:\Projects-Seyed.Jasemi\Amir_Thesis\TUBITAK-1002\datasets\FASDD_RS\images\neitherFireNorSmoke_RS000122.tif,neither,train
E:\Projects-Seyed.Jasemi\Amir_Thesis\TUBITAK-1002\datasets\FASDD_RS\images\neitherFireNorSmoke_RS000123.tif,neither,test
E:\Projects-Seyed.Jasemi\Amir_Thesis\TUBITAK-1002\datasets\FASDD_RS\images\neitherFireNorSmoke_RS000124.tif,neither,train
E:\Projects-Seyed.Jasemi\Amir_Thesis\TUBITAK-1002\datasets\FASDD_RS\images\neitherFireNorSmoke_RS000125.tif,neither,val
E:\Projects-Seyed.Jasemi\Amir_Thesis\TUBITAK-1002\datasets\FASDD_RS\images\neitherFireNorSmoke_RS000126.tif,neither,val
E:\Projects-Seyed.Jasemi\Amir_Thesis\TUBITAK-1002\datasets\FASDD_RS\images\neitherFireNorSmoke_RS000127.tif,neither,train
E:\Projects-Seyed.Jasemi\Amir_Thesis\TUBITAK-1002\datasets\FASDD_RS\images\neitherFireNorSmoke_RS000128.tif,neither,val
E:\Projects-Seyed.Jasemi\Amir_Thesis\TUBITAK-1002\datasets\FASDD_RS\images\neitherFireNorSmoke_RS000129.tif,neither,train
E:\Projects-Seyed.Jasemi\Amir_Thesis\TUBITAK-1002\datasets\FASDD_RS\images\neitherFireNorSmoke_RS000130.tif,neither,train
E:\Projects-Seyed.Jasemi\Amir_Thesis\TUBITAK-1002\datasets\FASDD_RS\images\neitherFireNorSmoke_RS000131.tif,neither,train
E:\Projects-Seyed.Jasemi\Amir_Thesis\TUBITAK-1002\datasets\FASDD_RS\images\neitherFireNorSmoke_RS000132.tif,neither,test
E:\Projects-Seyed.Jasemi\Amir_Thesis\TUBITAK-1002\datasets\FASDD_RS\images\neitherFireNorSmoke_RS000133.tif,neither,val
E:\Projects-Seyed.Jasemi\Amir_Thesis\TUBITAK-1002\datasets\FASDD_RS\images\neitherFireNorSmoke_RS000134.tif,neither,train
E:\Projects-Seyed.Jasemi\Amir_Thesis\TUBITAK-1002\datasets\FASDD_RS\images\neitherFireNorSmoke_RS000135.tif,neither,train
E:\Projects-Seyed.Jasemi\Amir_Thesis\TUBITAK-1002\datasets\FASDD_RS\images\neitherFireNorSmoke_RS000136.tif,neither,val
E:\Projects-Seyed.Jasemi\Amir_Thesis\TUBITAK-1002\datasets\FASDD_RS\images\neitherFireNorSmoke_RS000137.tif,neither,test
E:\Projects-Seyed.Jasemi\Amir_Thesis\TUBITAK-1002\datasets\FASDD_RS\images\neitherFireNorSmoke_RS000138.tif,neither,val
E:\Projects-Seyed.Jasemi\Amir_Thesis\TUBITAK-1002\datasets\FASDD_RS\images\neitherFireNorSmoke_RS000139.tif,neither,train
E:\Projects-Seyed.Jasemi\Amir_Thesis\TUBITAK-1002\datasets\FASDD_RS\images\neitherFireNorSmoke_RS000140.tif,neither,train
E:\Projects-Seyed.Jasemi\Amir_Thesis\TUBITAK-1002\datasets\FASDD_RS\images\neitherFireNorSmoke_RS000141.tif,neither,train
E:\Projects-Seyed.Jasemi\Amir_Thesis\TUBITAK-1002\datasets\FASDD_RS\images\neitherFireNorSmoke_RS000142.tif,neither,train
E:\Projects-Seyed.Jasemi\Amir_Thesis\TUBITAK-1002\datasets\FASDD_RS\images\neitherFireNorSmoke_RS000143.tif,neither,val
E:\Projects-Seyed.Jasemi\Amir_Thesis\TUBITAK-1002\datasets\FASDD_RS\images\neitherFireNorSmoke_RS000144.tif,neither,train
E:\Projects-Seyed.Jasemi\Amir_Thesis\TUBITAK-1002\datasets\FASDD_RS\images\neitherFireNorSmoke_RS000145.tif,neither,train
E:\Projects-Seyed.Jasemi\Amir_Thesis\TUBITAK-1002\datasets\FASDD_RS\images\neitherFireNorSmoke_RS000146.tif,neither,train
E:\Projects-Seyed.Jasemi\Amir_Thesis\TUBITAK-1002\datasets\FASDD_RS\images\neitherFireNorSmoke_RS000147.tif,neither,train
E:\Projects-Seyed.Jasemi\Amir_Thesis\TUBITAK-1002\datasets\FASDD_RS\images\neitherFireNorSmoke_RS000148.tif,neither,train
E:\Projects-Seyed.Jasemi\Amir_Thesis\TUBITAK-1002\datasets\FASDD_RS\images\neitherFireNorSmoke_RS000149.tif,neither,val
E:\Projects-Seyed.Jasemi\Amir_Thesis\TUBITAK-1002\datasets\FASDD_RS\images\neitherFireNorSmoke_RS000150.tif,neither,val
E:\Projects-Seyed.Jasemi\Amir_Thesis\TUBITAK-1002\datasets\FASDD_RS\images\neitherFireNorSmoke_RS000151.tif,neither,val
E:\Projects-Seyed.Jasemi\Amir_Thesis\TUBITAK-1002\datasets\FASDD_RS\images\neitherFireNorSmoke_RS000152.tif,neither,train
E:\Projects-Seyed.Jasemi\Amir_Thesis\TUBITAK-1002\datasets\FASDD_RS\images\neitherFireNorSmoke_RS000153.tif,neither,train
E:\Projects-Seyed.Jasemi\Amir_Thesis\TUBITAK-1002\datasets\FASDD_RS\images\neitherFireNorSmoke_RS000154.tif,neither,train
E:\Projects-Seyed.Jasemi\Amir_Thesis\TUBITAK-1002\datasets\FASDD_RS\images\neitherFireNorSmoke_RS000155.tif,neither,val
E:\Projects-Seyed.Jasemi\Amir_Thesis\TUBITAK-1002\datasets\FASDD_RS\images\neitherFireNorSmoke_RS000156.tif,neither,train
E:\Projects-Seyed.Jasemi\Amir_Thesis\TUBITAK-1002\datasets\FASDD_RS\images\neitherFireNorSmoke_RS000157.tif,neither,val
E:\Projects-Seyed.Jasemi\Amir_Thesis\TUBITAK-1002\datasets\FASDD_RS\images\neitherFireNorSmoke_RS000158.tif,neither,train
E:\Projects-Seyed.Jasemi\Amir_Thesis\TUBITAK-1002\datasets\FASDD_RS\images\neitherFireNorSmoke_RS000159.tif,neither,train
E:\Projects-Seyed.Jasemi\Amir_Thesis\TUBITAK-1002\datasets\FASDD_RS\images\neitherFireNorSmoke_RS000160.tif,neither,val
E:\Projects-Seyed.Jasemi\Amir_Thesis\TUBITAK-1002\datasets\FASDD_RS\images\neitherFireNorSmoke_RS000161.tif,neither,train
E:\Projects-Seyed.Jasemi\Amir_Thesis\TUBITAK-1002\datasets\FASDD_RS\images\neitherFireNorSmoke_RS000162.tif,neither,val
E:\Projects-Seyed.Jasemi\Amir_Thesis\TUBITAK-1002\datasets\FASDD_RS\images\neitherFireNorSmoke_RS000163.tif,neither,val
E:\Projects-Seyed.Jasemi\Amir_Thesis\TUBITAK-1002\datasets\FASDD_RS\images\neitherFireNorSmoke_RS000164.tif,neither,val
E:\Projects-Seyed.Jasemi\Amir_Thesis\TUBITAK-1002\datasets\FASDD_RS\images\neitherFireNorSmoke_RS000165.tif,neither,val
E:\Projects-Seyed.Jasemi\Amir_Thesis\TUBITAK-1002\datasets\FASDD_RS\images\neitherFireNorSmoke_RS000166.tif,neither,train
E:\Projects-Seyed.Jasemi\Amir_Thesis\TUBITAK-1002\datasets\FASDD_RS\images\neitherFireNorSmoke_RS000167.tif,neither,test
E:\Projects-Seyed.Jasemi\Amir_Thesis\TUBITAK-1002\datasets\FASDD_RS\images\neitherFireNorSmoke_RS000168.tif,neither,train
E:\Projects-Seyed.Jasemi\Amir_Thesis\TUBITAK-1002\datasets\FASDD_RS\images\neitherFireNorSmoke_RS000169.tif,neither,train
E:\Projects-Seyed.Jasemi\Amir_Thesis\TUBITAK-1002\datasets\FASDD_RS\images\neitherFireNorSmoke_RS000170.tif,neither,val
E:\Projects-Seyed.Jasemi\Amir_Thesis\TUBITAK-1002\datasets\FASDD_RS\images\neitherFireNorSmoke_RS000171.tif,neither,val
E:\Projects-Seyed.Jasemi\Amir_Thesis\TUBITAK-1002\datasets\FASDD_RS\images\neitherFireNorSmoke_RS000172.tif,neither,test
E:\Projects-Seyed.Jasemi\Amir_Thesis\TUBITAK-1002\datasets\FASDD_RS\images\neitherFireNorSmoke_RS000173.tif,neither,val
E:\Projects-Seyed.Jasemi\Amir_Thesis\TUBITAK-1002\datasets\FASDD_RS\images\neitherFireNorSmoke_RS000174.tif,neither,test
E:\Projects-Seyed.Jasemi\Amir_Thesis\TUBITAK-1002\datasets\FASDD_RS\images\neitherFireNorSmoke_RS000175.tif,neither,val
E:\Projects-Seyed.Jasemi\Amir_Thesis\TUBITAK-1002\datasets\FASDD_RS\images\neitherFireNorSmoke_RS000176.tif,neither,train
E:\Projects-Seyed.Jasemi\Amir_Thesis\TUBITAK-1002\datasets\FASDD_RS\images\neitherFireNorSmoke_RS000177.tif,neither,test
E:\Projects-Seyed.Jasemi\Amir_Thesis\TUBITAK-1002\datasets\FASDD_RS\images\neitherFireNorSmoke_RS000178.tif,neither,train
E:\Projects-Seyed.Jasemi\Amir_Thesis\TUBITAK-1002\datasets\FASDD_RS\images\neitherFireNorSmoke_RS000179.tif,neither,train
E:\Projects-Seyed.Jasemi\Amir_Thesis\TUBITAK-1002\datasets\FASDD_RS\images\neitherFireNorSmoke_RS000180.tif,neither,train
E:\Projects-Seyed.Jasemi\Amir_Thesis\TUBITAK-1002\datasets\FASDD_RS\images\neitherFireNorSmoke_RS000181.tif,neither,val
E:\Projects-Seyed.Jasemi\Amir_Thesis\TUBITAK-1002\datasets\FASDD_RS\images\neitherFireNorSmoke_RS000182.tif,neither,val
E:\Projects-Seyed.Jasemi\Amir_Thesis\TUBITAK-1002\datasets\FASDD_RS\images\neitherFireNorSmoke_RS000183.tif,neither,train
E:\Projects-Seyed.Jasemi\Amir_Thesis\TUBITAK-1002\datasets\FASDD_RS\images\neitherFireNorSmoke_RS000184.tif,neither,val
E:\Projects-Seyed.Jasemi\Amir_Thesis\TUBITAK-1002\datasets\FASDD_RS\images\neitherFireNorSmoke_RS000185.tif,neither,val
E:\Projects-Seyed.Jasemi\Amir_Thesis\TUBITAK-1002\datasets\FASDD_RS\images\neitherFireNorSmoke_RS000186.tif,neither,train
E:\Projects-Seyed.Jasemi\Amir_Thesis\TUBITAK-1002\datasets\FASDD_RS\images\neitherFireNorSmoke_RS000187.tif,neither,train
E:\Projects-Seyed.Jasemi\Amir_Thesis\TUBITAK-1002\datasets\FASDD_RS\images\neitherFireNorSmoke_RS000188.tif,neither,train
E:\Projects-Seyed.Jasemi\Amir_Thesis\TUBITAK-1002\datasets\FASDD_RS\images\neitherFireNorSmoke_RS000189.tif,neither,val
E:\Projects-Seyed.Jasemi\Amir_Thesis\TUBITAK-1002\datasets\FASDD_RS\images\neitherFireNorSmoke_RS000190.tif,neither,test
E:\Projects-Seyed.Jasemi\Amir_Thesis\TUBITAK-1002\datasets\FASDD_RS\images\neitherFireNorSmoke_RS000191.tif,neither,train
E:\Projects-Seyed.Jasemi\Amir_Thesis\TUBITAK-1002\datasets\FASDD_RS\images\neitherFireNorSmoke_RS000192.tif,neither,val
E:\Projects-Seyed.Jasemi\Amir_Thesis\TUBITAK-1002\datasets\FASDD_RS\images\neitherFireNorSmoke_RS000193.tif,neither,train
E:\Projects-Seyed.Jasemi\Amir_Thesis\TUBITAK-1002\datasets\FASDD_RS\images\neitherFireNorSmoke_RS000194.tif,neither,test
E:\Projects-Seyed.Jasemi\Amir_Thesis\TUBITAK-1002\datasets\FASDD_RS\images\neitherFireNorSmoke_RS000195.tif,neither,train
E:\Projects-Seyed.Jasemi\Amir_Thesis\TUBITAK-1002\datasets\FASDD_RS\images\neitherFireNorSmoke_RS000196.tif,neither,train
E:\Projects-Seyed.Jasemi\Amir_Thesis\TUBITAK-1002\datasets\FASDD_RS\images\neitherFireNorSmoke_RS000197.tif,neither,train
E:\Projects-Seyed.Jasemi\Amir_Thesis\TUBITAK-1002\datasets\FASDD_RS\images\neitherFireNorSmoke_RS000198.tif,neither,val
E:\Projects-Seyed.Jasemi\Amir_Thesis\TUBITAK-1002\datasets\FASDD_RS\images\neitherFireNorSmoke_RS000199.tif,neither,val
E:\Projects-Seyed.Jasemi\Amir_Thesis\TUBITAK-1002\datasets\FASDD_RS\images\neitherFireNorSmoke_RS000200.tif,neither,val
E:\Projects-Seyed.Jasemi\Amir_Thesis\TUBITAK-1002\datasets\FASDD_RS\images\neitherFireNorSmoke_RS000201.tif,neither,train
E:\Projects-Seyed.Jasemi\Amir_Thesis\TUBITAK-1002\datasets\FASDD_RS\images\neitherFireNorSmoke_RS000202.tif,neither,train
E:\Projects-Seyed.Jasemi\Amir_Thesis\TUBITAK-1002\datasets\FASDD_RS\images\neitherFireNorSmoke_RS000203.tif,neither,train
E:\Projects-Seyed.Jasemi\Amir_Thesis\TUBITAK-1002\datasets\FASDD_RS\images\neitherFireNorSmoke_RS000204.tif,neither,test
E:\Projects-Seyed.Jasemi\Amir_Thesis\TUBITAK-1002\datasets\FASDD_RS\images\neitherFireNorSmoke_RS000205.tif,neither,val
E:\Projects-Seyed.Jasemi\Amir_Thesis\TUBITAK-1002\datasets\FASDD_RS\images\neitherFireNorSmoke_RS000206.tif,neither,train
E:\Projects-Seyed.Jasemi\Amir_Thesis\TUBITAK-1002\datasets\FASDD_RS\images\neitherFireNorSmoke_RS000207.tif,neither,train
E:\Projects-Seyed.Jasemi\Amir_Thesis\TUBITAK-1002\datasets\FASDD_RS\images\neitherFireNorSmoke_RS000208.tif,neither,train
E:\Projects-Seyed.Jasemi\Amir_Thesis\TUBITAK-1002\datasets\FASDD_RS\images\neitherFireNorSmoke_RS000209.tif,neither,train
E:\Projects-Seyed.Jasemi\Amir_Thesis\TUBITAK-1002\datasets\FASDD_RS\images\neitherFireNorSmoke_RS000210.tif,neither,val
E:\Projects-Seyed.Jasemi\Amir_Thesis\TUBITAK-1002\datasets\FASDD_RS\images\neitherFireNorSmoke_RS000211.tif,neither,train
E:\Projects-Seyed.Jasemi\Amir_Thesis\TUBITAK-1002\datasets\FASDD_RS\images\neitherFireNorSmoke_RS000212.tif,neither,val
E:\Projects-Seyed.Jasemi\Amir_Thesis\TUBITAK-1002\datasets\FASDD_RS\images\neitherFireNorSmoke_RS000213.tif,neither,train
E:\Projects-Seyed.Jasemi\Amir_Thesis\TUBITAK-1002\datasets\FASDD_RS\images\neitherFireNorSmoke_RS000214.tif,neither,test
E:\Projects-Seyed.Jasemi\Amir_Thesis\TUBITAK-1002\datasets\FASDD_RS\images\neitherFireNorSmoke_RS000215.tif,neither,train
E:\Projects-Seyed.Jasemi\Amir_Thesis\TUBITAK-1002\datasets\FASDD_RS\images\neitherFireNorSmoke_RS000216.tif,neither,train
E:\Projects-Seyed.Jasemi\Amir_Thesis\TUBITAK-1002\datasets\FASDD_RS\images\neitherFireNorSmoke_RS000217.tif,neither,val
E:\Projects-Seyed.Jasemi\Amir_Thesis\TUBITAK-1002\datasets\FASDD_RS\images\neitherFireNorSmoke_RS000218.tif,neither,val
E:\Projects-Seyed.Jasemi\Amir_Thesis\TUBITAK-1002\datasets\FASDD_RS\images\neitherFireNorSmoke_RS000219.tif,neither,train
E:\Projects-Seyed.Jasemi\Amir_Thesis\TUBITAK-1002\datasets\FASDD_RS\images\neitherFireNorSmoke_RS000220.tif,neither,train
E:\Projects-Seyed.Jasemi\Amir_Thesis\TUBITAK-1002\datasets\FASDD_RS\images\neitherFireNorSmoke_RS000221.tif,neither,test
E:\Projects-Seyed.Jasemi\Amir_Thesis\TUBITAK-1002\datasets\FASDD_RS\images\neitherFireNorSmoke_RS000222.tif,neither,val
E:\Projects-Seyed.Jasemi\Amir_Thesis\TUBITAK-1002\datasets\FASDD_RS\images\neitherFireNorSmoke_RS000223.tif,neither,train
E:\Projects-Seyed.Jasemi\Amir_Thesis\TUBITAK-1002\datasets\FASDD_RS\images\neitherFireNorSmoke_RS000224.tif,neither,test
E:\Projects-Seyed.Jasemi\Amir_Thesis\TUBITAK-1002\datasets\FASDD_RS\images\neitherFireNorSmoke_RS000225.tif,neither,val
E:\Projects-Seyed.Jasemi\Amir_Thesis\TUBITAK-1002\datasets\FASDD_RS\images\neitherFireNorSmoke_RS000226.tif,neither,train
E:\Projects-Seyed.Jasemi\Amir_Thesis\TUBITAK-1002\datasets\FASDD_RS\images\neitherFireNorSmoke_RS000227.tif,neither,test
E:\Projects-Seyed.Jasemi\Amir_Thesis\TUBITAK-1002\datasets\FASDD_RS\images\neitherFireNorSmoke_RS000228.tif,neither,val
E:\Projects-Seyed.Jasemi\Amir_Thesis\TUBITAK-1002\datasets\FASDD_RS\images\neitherFireNorSmoke_RS000229.tif,neither,val
E:\Projects-Seyed.Jasemi\Amir_Thesis\TUBITAK-1002\datasets\FASDD_RS\images\neitherFireNorSmoke_RS000230.tif,neither,val
E:\Projects-Seyed.Jasemi\Amir_Thesis\TUBITAK-1002\datasets\FASDD_RS\images\neitherFireNorSmoke_RS000231.tif,neither,train
E:\Projects-Seyed.Jasemi\Amir_Thesis\TUBITAK-1002\datasets\FASDD_RS\images\neitherFireNorSmoke_RS000232.tif,neither,test
E:\Projects-Seyed.Jasemi\Amir_Thesis\TUBITAK-1002\datasets\FASDD_RS\images\neitherFireNorSmoke_RS000233.tif,neither,val
E:\Projects-Seyed.Jasemi\Amir_Thesis\TUBITAK-1002\datasets\FASDD_RS\images\neitherFireNorSmoke_RS000234.tif,neither,test
E:\Projects-Seyed.Jasemi\Amir_Thesis\TUBITAK-1002\datasets\FASDD_RS\images\neitherFireNorSmoke_RS000235.tif,neither,val
E:\Projects-Seyed.Jasemi\Amir_Thesis\TUBITAK-1002\datasets\FASDD_RS\images\neitherFireNorSmoke_RS000236.tif,neither,test
E:\Projects-Seyed.Jasemi\Amir_Thesis\TUBITAK-1002\datasets\FASDD_RS\images\neitherFireNorSmoke_RS000237.tif,neither,test
E:\Projects-Seyed.Jasemi\Amir_Thesis\TUBITAK-1002\datasets\FASDD_RS\images\neitherFireNorSmoke_RS000238.tif,neither,test
E:\Projects-Seyed.Jasemi\Amir_Thesis\TUBITAK-1002\datasets\FASDD_RS\images\neitherFireNorSmoke_RS000239.tif,neither,train
E:\Projects-Seyed.Jasemi\Amir_Thesis\TUBITAK-1002\datasets\FASDD_RS\images\neitherFireNorSmoke_RS000240.tif,neither,val
E:\Projects-Seyed.Jasemi\Amir_Thesis\TUBITAK-1002\datasets\FASDD_RS\images\neitherFireNorSmoke_RS000241.tif,neither,train
E:\Projects-Seyed.Jasemi\Amir_Thesis\TUBITAK-1002\datasets\FASDD_RS\images\neitherFireNorSmoke_RS000242.tif,neither,train
E:\Projects-Seyed.Jasemi\Amir_Thesis\TUBITAK-1002\datasets\FASDD_RS\images\neitherFireNorSmoke_RS000243.tif,neither,train
E:\Projects-Seyed.Jasemi\Amir_Thesis\TUBITAK-1002\datasets\FASDD_RS\images\neitherFireNorSmoke_RS000244.tif,neither,train
E:\Projects-Seyed.Jasemi\Amir_Thesis\TUBITAK-1002\datasets\FASDD_RS\images\neitherFireNorSmoke_RS000245.tif,neither,val
E:\Projects-Seyed.Jasemi\Amir_Thesis\TUBITAK-1002\datasets\FASDD_RS\images\neitherFireNorSmoke_RS000246.tif,neither,train
E:\Projects-Seyed.Jasemi\Amir_Thesis\TUBITAK-1002\datasets\FASDD_RS\images\neitherFireNorSmoke_RS000247.tif,neither,val
E:\Projects-Seyed.Jasemi\Amir_Thesis\TUBITAK-1002\datasets\FASDD_RS\images\neitherFireNorSmoke_RS000248.tif,neither,test
E:\Projects-Seyed.Jasemi\Amir_Thesis\TUBITAK-1002\datasets\FASDD_RS\images\neitherFireNorSmoke_RS000249.tif,neither,train
E:\Projects-Seyed.Jasemi\Amir_Thesis\TUBITAK-1002\datasets\FASDD_RS\images\neitherFireNorSmoke_RS000250.tif,neither,train
E:\Projects-Seyed.Jasemi\Amir_Thesis\TUBITAK-1002\datasets\FASDD_RS\images\neitherFireNorSmoke_RS000251.tif,neither,train
E:\Projects-Seyed.Jasemi\Amir_Thesis\TUBITAK-1002\datasets\FASDD_RS\images\neitherFireNorSmoke_RS000252.tif,neither,train
E:\Projects-Seyed.Jasemi\Amir_Thesis\TUBITAK-1002\datasets\FASDD_RS\images\neitherFireNorSmoke_RS000253.tif,neither,train
E:\Projects-Seyed.Jasemi\Amir_Thesis\TUBITAK-1002\datasets\FASDD_RS\images\neitherFireNorSmoke_RS000254.tif,neither,train
E:\Projects-Seyed.Jasemi\Amir_Thesis\TUBITAK-1002\datasets\FASDD_RS\images\neitherFireNorSmoke_RS000255.tif,neither,val
E:\Projects-Seyed.Jasemi\Amir_Thesis\TUBITAK-1002\datasets\FASDD_RS\images\neitherFireNorSmoke_RS000256.tif,neither,train
E:\Projects-Seyed.Jasemi\Amir_Thesis\TUBITAK-1002\datasets\FASDD_RS\images\neitherFireNorSmoke_RS000257.tif,neither,train
E:\Projects-Seyed.Jasemi\Amir_Thesis\TUBITAK-1002\datasets\FASDD_RS\images\neitherFireNorSmoke_RS000258.tif,neither,val
E:\Projects-Seyed.Jasemi\Amir_Thesis\TUBITAK-1002\datasets\FASDD_RS\images\neitherFireNorSmoke_RS000259.tif,neither,val
E:\Projects-Seyed.Jasemi\Amir_Thesis\TUBITAK-1002\datasets\FASDD_RS\images\neitherFireNorSmoke_RS000260.tif,neither,train
E:\Projects-Seyed.Jasemi\Amir_Thesis\TUBITAK-1002\datasets\FASDD_RS\images\neitherFireNorSmoke_RS000261.tif,neither,test
E:\Projects-Seyed.Jasemi\Amir_Thesis\TUBITAK-1002\datasets\FASDD_RS\images\neitherFireNorSmoke_RS000262.tif,neither,train
E:\Projects-Seyed.Jasemi\Amir_Thesis\TUBITAK-1002\datasets\FASDD_RS\images\neitherFireNorSmoke_RS000263.tif,neither,train
E:\Projects-Seyed.Jasemi\Amir_Thesis\TUBITAK-1002\datasets\FASDD_RS\images\neitherFireNorSmoke_RS000264.tif,neither,val
E:\Projects-Seyed.Jasemi\Amir_Thesis\TUBITAK-1002\datasets\FASDD_RS\images\neitherFireNorSmoke_RS000265.tif,neither,train
E:\Projects-Seyed.Jasemi\Amir_Thesis\TUBITAK-1002\datasets\FASDD_RS\images\neitherFireNorSmoke_RS000266.tif,neither,train
E:\Projects-Seyed.Jasemi\Amir_Thesis\TUBITAK-1002\datasets\FASDD_RS\images\neitherFireNorSmoke_RS000267.tif,neither,train
E:\Projects-Seyed.Jasemi\Amir_Thesis\TUBITAK-1002\datasets\FASDD_RS\images\neitherFireNorSmoke_RS000268.tif,neither,train
E:\Projects-Seyed.Jasemi\Amir_Thesis\TUBITAK-1002\datasets\FASDD_RS\images\neitherFireNorSmoke_RS000269.tif,neither,train
E:\Projects-Seyed.Jasemi\Amir_Thesis\TUBITAK-1002\datasets\FASDD_RS\images\neitherFireNorSmoke_RS000270.tif,neither,train
E:\Projects-Seyed.Jasemi\Amir_Thesis\TUBITAK-1002\datasets\FASDD_RS\images\neitherFireNorSmoke_RS000271.tif,neither,train
E:\Projects-Seyed.Jasemi\Amir_Thesis\TUBITAK-1002\datasets\FASDD_RS\images\neitherFireNorSmoke_RS000272.tif,neither,test
E:\Projects-Seyed.Jasemi\Amir_Thesis\TUBITAK-1002\datasets\FASDD_RS\images\neitherFireNorSmoke_RS000273.tif,neither,val
E:\Projects-Seyed.Jasemi\Amir_Thesis\TUBITAK-1002\datasets\FASDD_RS\images\neitherFireNorSmoke_RS000274.tif,neither,val
E:\Projects-Seyed.Jasemi\Amir_Thesis\TUBITAK-1002\datasets\FASDD_RS\images\neitherFireNorSmoke_RS000275.tif,neither,test
E:\Projects-Seyed.Jasemi\Amir_Thesis\TUBITAK-1002\datasets\FASDD_RS\images\neitherFireNorSmoke_RS000276.tif,neither,train
E:\Projects-Seyed.Jasemi\Amir_Thesis\TUBITAK-1002\datasets\FASDD_RS\images\neitherFireNorSmoke_RS000277.tif,neither,val
E:\Projects-Seyed.Jasemi\Amir_Thesis\TUBITAK-1002\datasets\FASDD_RS\images\neitherFireNorSmoke_RS000278.tif,neither,val
E:\Projects-Seyed.Jasemi\Amir_Thesis\TUBITAK-1002\datasets\FASDD_RS\images\neitherFireNorSmoke_RS000279.tif,neither,val
E:\Projects-Seyed.Jasemi\Amir_Thesis\TUBITAK-1002\datasets\FASDD_RS\images\neitherFireNorSmoke_RS000280.tif,neither,train
E:\Projects-Seyed.Jasemi\Amir_Thesis\TUBITAK-1002\datasets\FASDD_RS\images\neitherFireNorSmoke_RS000281.tif,neither,train
E:\Projects-Seyed.Jasemi\Amir_Thesis\TUBITAK-1002\datasets\FASDD_RS\images\neitherFireNorSmoke_RS000282.tif,neither,train
E:\Projects-Seyed.Jasemi\Amir_Thesis\TUBITAK-1002\datasets\FASDD_RS\images\neitherFireNorSmoke_RS000283.tif,neither,val
E:\Projects-Seyed.Jasemi\Amir_Thesis\TUBITAK-1002\datasets\FASDD_RS\images\neitherFireNorSmoke_RS000284.tif,neither,train
E:\Projects-Seyed.Jasemi\Amir_Thesis\TUBITAK-1002\datasets\FASDD_RS\images\neitherFireNorSmoke_RS000285.tif,neither,train
E:\Projects-Seyed.Jasemi\Amir_Thesis\TUBITAK-1002\datasets\FASDD_RS\images\neitherFireNorSmoke_RS000286.tif,neither,train
E:\Projects-Seyed.Jasemi\Amir_Thesis\TUBITAK-1002\datasets\FASDD_RS\images\neitherFireNorSmoke_RS000287.tif,neither,val
E:\Projects-Seyed.Jasemi\Amir_Thesis\TUBITAK-1002\datasets\FASDD_RS\images\neitherFireNorSmoke_RS000288.tif,neither,val
E:\Projects-Seyed.Jasemi\Amir_Thesis\TUBITAK-1002\datasets\FASDD_RS\images\neitherFireNorSmoke_RS000289.tif,neither,train
E:\Projects-Seyed.Jasemi\Amir_Thesis\TUBITAK-1002\datasets\FASDD_RS\images\neitherFireNorSmoke_RS000290.tif,neither,test
E:\Projects-Seyed.Jasemi\Amir_Thesis\TUBITAK-1002\datasets\FASDD_RS\images\neitherFireNorSmoke_RS000291.tif,neither,train
E:\Projects-Seyed.Jasemi\Amir_Thesis\TUBITAK-1002\datasets\FASDD_RS\images\neitherFireNorSmoke_RS000292.tif,neither,train
E:\Projects-Seyed.Jasemi\Amir_Thesis\TUBITAK-1002\datasets\FASDD_RS\images\neitherFireNorSmoke_RS000293.tif,neither,train
E:\Projects-Seyed.Jasemi\Amir_Thesis\TUBITAK-1002\datasets\FASDD_RS\images\neitherFireNorSmoke_RS000294.tif,neither,val
E:\Projects-Seyed.Jasemi\Amir_Thesis\TUBITAK-1002\datasets\FASDD_RS\images\neitherFireNorSmoke_RS000295.tif,neither,train
E:\Projects-Seyed.Jasemi\Amir_Thesis\TUBITAK-1002\datasets\FASDD_RS\images\neitherFireNorSmoke_RS000296.tif,neither,test
E:\Projects-Seyed.Jasemi\Amir_Thesis\TUBITAK-1002\datasets\FASDD_RS\images\neitherFireNorSmoke_RS000297.tif,neither,val
E:\Projects-Seyed.Jasemi\Amir_Thesis\TUBITAK-1002\datasets\FASDD_RS\images\neitherFireNorSmoke_RS000298.tif,neither,val
E:\Projects-Seyed.Jasemi\Amir_Thesis\TUBITAK-1002\datasets\FASDD_RS\images\neitherFireNorSmoke_RS000299.tif,neither,train
E:\Projects-Seyed.Jasemi\Amir_Thesis\TUBITAK-1002\datasets\FASDD_RS\images\neitherFireNorSmoke_RS000300.tif,neither,train
E:\Projects-Seyed.Jasemi\Amir_Thesis\TUBITAK-1002\datasets\FASDD_RS\images\neitherFireNorSmoke_RS000301.tif,neither,val
E:\Projects-Seyed.Jasemi\Amir_Thesis\TUBITAK-1002\datasets\FASDD_RS\images\neitherFireNorSmoke_RS000302.tif,neither,val
E:\Projects-Seyed.Jasemi\Amir_Thesis\TUBITAK-1002\datasets\FASDD_RS\images\neitherFireNorSmoke_RS000303.tif,neither,test
E:\Projects-Seyed.Jasemi\Amir_Thesis\TUBITAK-1002\datasets\FASDD_RS\images\neitherFireNorSmoke_RS000304.tif,neither,train
E:\Projects-Seyed.Jasemi\Amir_Thesis\TUBITAK-1002\datasets\FASDD_RS\images\neitherFireNorSmoke_RS000305.tif,neither,val
E:\Projects-Seyed.Jasemi\Amir_Thesis\TUBITAK-1002\datasets\FASDD_RS\images\neitherFireNorSmoke_RS000306.tif,neither,train
E:\Projects-Seyed.Jasemi\Amir_Thesis\TUBITAK-1002\datasets\FASDD_RS\images\neitherFireNorSmoke_RS000307.tif,neither,val
E:\Projects-Seyed.Jasemi\Amir_Thesis\TUBITAK-1002\datasets\FASDD_RS\images\neitherFireNorSmoke_RS000308.tif,neither,train
E:\Projects-Seyed.Jasemi\Amir_Thesis\TUBITAK-1002\datasets\FASDD_RS\images\neitherFireNorSmoke_RS000309.tif,neither,train
E:\Projects-Seyed.Jasemi\Amir_Thesis\TUBITAK-1002\datasets\FASDD_RS\images\neitherFireNorSmoke_RS000310.tif,neither,test
E:\Projects-Seyed.Jasemi\Amir_Thesis\TUBITAK-1002\datasets\FASDD_RS\images\neitherFireNorSmoke_RS000311.tif,neither,train
E:\Projects-Seyed.Jasemi\Amir_Thesis\TUBITAK-1002\datasets\FASDD_RS\images\neitherFireNorSmoke_RS000312.tif,neither,train
E:\Projects-Seyed.Jasemi\Amir_Thesis\TUBITAK-1002\datasets\FASDD_RS\images\neitherFireNorSmoke_RS000313.tif,neither,val
E:\Projects-Seyed.Jasemi\Amir_Thesis\TUBITAK-1002\datasets\FASDD_RS\images\neitherFireNorSmoke_RS000314.tif,neither,train
E:\Projects-Seyed.Jasemi\Amir_Thesis\TUBITAK-1002\datasets\FASDD_RS\images\neitherFireNorSmoke_RS000315.tif,neither,test
E:\Projects-Seyed.Jasemi\Amir_Thesis\TUBITAK-1002\datasets\FASDD_RS\images\neitherFireNorSmoke_RS000316.tif,neither,val
E:\Projects-Seyed.Jasemi\Amir_Thesis\TUBITAK-1002\datasets\FASDD_RS\images\neitherFireNorSmoke_RS000317.tif,neither,val
E:\Projects-Seyed.Jasemi\Amir_Thesis\TUBITAK-1002\datasets\FASDD_RS\images\neitherFireNorSmoke_RS000318.tif,neither,train
E:\Projects-Seyed.Jasemi\Amir_Thesis\TUBITAK-1002\datasets\FASDD_RS\images\neitherFireNorSmoke_RS000319.tif,neither,val
E:\Projects-Seyed.Jasemi\Amir_Thesis\TUBITAK-1002\datasets\FASDD_RS\images\neitherFireNorSmoke_RS000320.tif,neither,train
E:\Projects-Seyed.Jasemi\Amir_Thesis\TUBITAK-1002\datasets\FASDD_RS\images\neitherFireNorSmoke_RS000321.tif,neither,train
E:\Projects-Seyed.Jasemi\Amir_Thesis\TUBITAK-1002\datasets\FASDD_RS\images\neitherFireNorSmoke_RS000322.tif,neither,val
E:\Projects-Seyed.Jasemi\Amir_Thesis\TUBITAK-1002\datasets\FASDD_RS\images\neitherFireNorSmoke_RS000323.tif,neither,train
E:\Projects-Seyed.Jasemi\Amir_Thesis\TUBITAK-1002\datasets\FASDD_RS\images\neitherFireNorSmoke_RS000324.tif,neither,train
E:\Projects-Seyed.Jasemi\Amir_Thesis\TUBITAK-1002\datasets\FASDD_RS\images\neitherFireNorSmoke_RS000325.tif,neither,test
E:\Projects-Seyed.Jasemi\Amir_Thesis\TUBITAK-1002\datasets\FASDD_RS\images\neitherFireNorSmoke_RS000326.tif,neither,train
E:\Projects-Seyed.Jasemi\Amir_Thesis\TUBITAK-1002\datasets\FASDD_RS\images\neitherFireNorSmoke_RS000327.tif,neither,train
E:\Projects-Seyed.Jasemi\Amir_Thesis\TUBITAK-1002\datasets\FASDD_RS\images\neitherFireNorSmoke_RS000328.tif,neither,val
E:\Projects-Seyed.Jasemi\Amir_Thesis\TUBITAK-1002\datasets\FASDD_RS\images\neitherFireNorSmoke_RS000329.tif,neither,val
E:\Projects-Seyed.Jasemi\Amir_Thesis\TUBITAK-1002\datasets\FASDD_RS\images\neitherFireNorSmoke_RS000330.tif,neither,train
E:\Projects-Seyed.Jasemi\Amir_Thesis\TUBITAK-1002\datasets\FASDD_RS\images\neitherFireNorSmoke_RS000331.tif,neither,train
E:\Projects-Seyed.Jasemi\Amir_Thesis\TUBITAK-1002\datasets\FASDD_RS\images\neitherFireNorSmoke_RS000332.tif,neither,train
E:\Projects-Seyed.Jasemi\Amir_Thesis\TUBITAK-1002\datasets\FASDD_RS\images\neitherFireNorSmoke_RS000333.tif,neither,val
E:\Projects-Seyed.Jasemi\Amir_Thesis\TUBITAK-1002\datasets\FASDD_RS\images\neitherFireNorSmoke_RS000334.tif,neither,train
E:\Projects-Seyed.Jasemi\Amir_Thesis\TUBITAK-1002\datasets\FASDD_RS\images\neitherFireNorSmoke_RS000335.tif,neither,val
E:\Projects-Seyed.Jasemi\Amir_Thesis\TUBITAK-1002\datasets\FASDD_RS\images\neitherFireNorSmoke_RS000336.tif,neither,train
E:\Projects-Seyed.Jasemi\Amir_Thesis\TUBITAK-1002\datasets\FASDD_RS\images\neitherFireNorSmoke_RS000337.tif,neither,train
E:\Projects-Seyed.Jasemi\Amir_Thesis\TUBITAK-1002\datasets\FASDD_RS\images\neitherFireNorSmoke_RS000338.tif,neither,val
E:\Projects-Seyed.Jasemi\Amir_Thesis\TUBITAK-1002\datasets\FASDD_RS\images\neitherFireNorSmoke_RS000339.tif,neither,val
E:\Projects-Seyed.Jasemi\Amir_Thesis\TUBITAK-1002\datasets\FASDD_RS\images\neitherFireNorSmoke_RS000340.tif,neither,test
E:\Projects-Seyed.Jasemi\Amir_Thesis\TUBITAK-1002\datasets\FASDD_RS\images\neitherFireNorSmoke_RS000341.tif,neither,train
E:\Projects-Seyed.Jasemi\Amir_Thesis\TUBITAK-1002\datasets\FASDD_RS\images\neitherFireNorSmoke_RS000342.tif,neither,train
E:\Projects-Seyed.Jasemi\Amir_Thesis\TUBITAK-1002\datasets\FASDD_RS\images\neitherFireNorSmoke_RS000343.tif,neither,train
E:\Projects-Seyed.Jasemi\Amir_Thesis\TUBITAK-1002\datasets\FASDD_RS\images\neitherFireNorSmoke_RS000344.tif,neither,train
E:\Projects-Seyed.Jasemi\Amir_Thesis\TUBITAK-1002\datasets\FASDD_RS\images\neitherFireNorSmoke_RS000345.tif,neither,train
E:\Projects-Seyed.Jasemi\Amir_Thesis\TUBITAK-1002\datasets\FASDD_RS\images\neitherFireNorSmoke_RS000346.tif,neither,val
E:\Projects-Seyed.Jasemi\Amir_Thesis\TUBITAK-1002\datasets\FASDD_RS\images\neitherFireNorSmoke_RS000347.tif,neither,val
E:\Projects-Seyed.Jasemi\Amir_Thesis\TUBITAK-1002\datasets\FASDD_RS\images\neitherFireNorSmoke_RS000348.tif,neither,val
E:\Projects-Seyed.Jasemi\Amir_Thesis\TUBITAK-1002\datasets\FASDD_RS\images\neitherFireNorSmoke_RS000349.tif,neither,val
E:\Projects-Seyed.Jasemi\Amir_Thesis\TUBITAK-1002\datasets\FASDD_RS\images\neitherFireNorSmoke_RS000350.tif,neither,train
E:\Projects-Seyed.Jasemi\Amir_Thesis\TUBITAK-1002\datasets\FASDD_RS\images\neitherFireNorSmoke_RS000351.tif,neither,val
E:\Projects-Seyed.Jasemi\Amir_Thesis\TUBITAK-1002\datasets\FASDD_RS\images\neitherFireNorSmoke_RS000352.tif,neither,test
E:\Projects-Seyed.Jasemi\Amir_Thesis\TUBITAK-1002\datasets\FASDD_RS\images\neitherFireNorSmoke_RS000353.tif,neither,test
E:\Projects-Seyed.Jasemi\Amir_Thesis\TUBITAK-1002\datasets\FASDD_RS\images\neitherFireNorSmoke_RS000354.tif,neither,val
E:\Projects-Seyed.Jasemi\Amir_Thesis\TUBITAK-1002\datasets\FASDD_RS\images\neitherFireNorSmoke_RS000355.tif,neither,val
E:\Projects-Seyed.Jasemi\Amir_Thesis\TUBITAK-1002\datasets\FASDD_RS\images\neitherFireNorSmoke_RS000356.tif,neither,train
E:\Projects-Seyed.Jasemi\Amir_Thesis\TUBITAK-1002\datasets\FASDD_RS\images\neitherFireNorSmoke_RS000357.tif,neither,train
E:\Projects-Seyed.Jasemi\Amir_Thesis\TUBITAK-1002\datasets\FASDD_RS\images\neitherFireNorSmoke_RS000358.tif,neither,train
E:\Projects-Seyed.Jasemi\Amir_Thesis\TUBITAK-1002\datasets\FASDD_RS\images\neitherFireNorSmoke_RS000359.tif,neither,train
E:\Projects-Seyed.Jasemi\Amir_Thesis\TUBITAK-1002\datasets\FASDD_RS\images\neitherFireNorSmoke_RS000360.tif,neither,train
E:\Projects-Seyed.Jasemi\Amir_Thesis\TUBITAK-1002\datasets\FASDD_RS\images\neitherFireNorSmoke_RS000361.tif,neither,test
E:\Projects-Seyed.Jasemi\Amir_Thesis\TUBITAK-1002\datasets\FASDD_RS\images\neitherFireNorSmoke_RS000362.tif,neither,train
E:\Projects-Seyed.Jasemi\Amir_Thesis\TUBITAK-1002\datasets\FASDD_RS\images\neitherFireNorSmoke_RS000363.tif,neither,train
E:\Projects-Seyed.Jasemi\Amir_Thesis\TUBITAK-1002\datasets\FASDD_RS\images\neitherFireNorSmoke_RS000364.tif,neither,train
E:\Projects-Seyed.Jasemi\Amir_Thesis\TUBITAK-1002\datasets\FASDD_RS\images\neitherFireNorSmoke_RS000365.tif,neither,val
E:\Projects-Seyed.Jasemi\Amir_Thesis\TUBITAK-1002\datasets\FASDD_RS\images\neitherFireNorSmoke_RS000366.tif,neither,train
E:\Projects-Seyed.Jasemi\Amir_Thesis\TUBITAK-1002\datasets\FASDD_RS\images\neitherFireNorSmoke_RS000367.tif,neither,train
E:\Projects-Seyed.Jasemi\Amir_Thesis\TUBITAK-1002\datasets\FASDD_RS\images\neitherFireNorSmoke_RS000368.tif,neither,train
E:\Projects-Seyed.Jasemi\Amir_Thesis\TUBITAK-1002\datasets\FASDD_RS\images\neitherFireNorSmoke_RS000369.tif,neither,train
E:\Projects-Seyed.Jasemi\Amir_Thesis\TUBITAK-1002\datasets\FASDD_RS\images\neitherFireNorSmoke_RS000370.tif,neither,train
E:\Projects-Seyed.Jasemi\Amir_Thesis\TUBITAK-1002\datasets\FASDD_RS\images\neitherFireNorSmoke_RS000371.tif,neither,val
E:\Projects-Seyed.Jasemi\Amir_Thesis\TUBITAK-1002\datasets\FASDD_RS\images\neitherFireNorSmoke_RS000372.tif,neither,train
E:\Projects-Seyed.Jasemi\Amir_Thesis\TUBITAK-1002\datasets\FASDD_RS\images\neitherFireNorSmoke_RS000373.tif,neither,val
E:\Projects-Seyed.Jasemi\Amir_Thesis\TUBITAK-1002\datasets\FASDD_RS\images\neitherFireNorSmoke_RS000374.tif,neither,train
E:\Projects-Seyed.Jasemi\Amir_Thesis\TUBITAK-1002\datasets\FASDD_RS\images\neitherFireNorSmoke_RS000375.tif,neither,test
E:\Projects-Seyed.Jasemi\Amir_Thesis\TUBITAK-1002\datasets\FASDD_RS\images\neitherFireNorSmoke_RS000376.tif,neither,val
E:\Projects-Seyed.Jasemi\Amir_Thesis\TUBITAK-1002\datasets\FASDD_RS\images\neitherFireNorSmoke_RS000377.tif,neither,train
E:\Projects-Seyed.Jasemi\Amir_Thesis\TUBITAK-1002\datasets\FASDD_RS\images\neitherFireNorSmoke_RS000378.tif,neither,train
E:\Projects-Seyed.Jasemi\Amir_Thesis\TUBITAK-1002\datasets\FASDD_RS\images\neitherFireNorSmoke_RS000379.tif,neither,test
E:\Projects-Seyed.Jasemi\Amir_Thesis\TUBITAK-1002\datasets\FASDD_RS\images\neitherFireNorSmoke_RS000380.tif,neither,train
E:\Projects-Seyed.Jasemi\Amir_Thesis\TUBITAK-1002\datasets\FASDD_RS\images\neitherFireNorSmoke_RS000381.tif,neither,train
E:\Projects-Seyed.Jasemi\Amir_Thesis\TUBITAK-1002\datasets\FASDD_RS\images\neitherFireNorSmoke_RS000382.tif,neither,train
E:\Projects-Seyed.Jasemi\Amir_Thesis\TUBITAK-1002\datasets\FASDD_RS\images\neitherFireNorSmoke_RS000383.tif,neither,test
E:\Projects-Seyed.Jasemi\Amir_Thesis\TUBITAK-1002\datasets\FASDD_RS\images\neitherFireNorSmoke_RS000384.tif,neither,train
E:\Projects-Seyed.Jasemi\Amir_Thesis\TUBITAK-1002\datasets\FASDD_RS\images\neitherFireNorSmoke_RS000385.tif,neither,val
E:\Projects-Seyed.Jasemi\Amir_Thesis\TUBITAK-1002\datasets\FASDD_RS\images\neitherFireNorSmoke_RS000386.tif,neither,train
E:\Projects-Seyed.Jasemi\Amir_Thesis\TUBITAK-1002\datasets\FASDD_RS\images\neitherFireNorSmoke_RS000387.tif,neither,val
E:\Projects-Seyed.Jasemi\Amir_Thesis\TUBITAK-1002\datasets\FASDD_RS\images\neitherFireNorSmoke_RS000388.tif,neither,test
E:\Projects-Seyed.Jasemi\Amir_Thesis\TUBITAK-1002\datasets\FASDD_RS\images\neitherFireNorSmoke_RS000389.tif,neither,val
E:\Projects-Seyed.Jasemi\Amir_Thesis\TUBITAK-1002\datasets\FASDD_RS\images\neitherFireNorSmoke_RS000390.tif,neither,test
E:\Projects-Seyed.Jasemi\Amir_Thesis\TUBITAK-1002\datasets\FASDD_RS\images\neitherFireNorSmoke_RS000391.tif,neither,train
E:\Projects-Seyed.Jasemi\Amir_Thesis\TUBITAK-1002\datasets\FASDD_RS\images\neitherFireNorSmoke_RS000392.tif,neither,test
E:\Projects-Seyed.Jasemi\Amir_Thesis\TUBITAK-1002\datasets\FASDD_RS\images\neitherFireNorSmoke_RS000393.tif,neither,train
E:\Projects-Seyed.Jasemi\Amir_Thesis\TUBITAK-1002\datasets\FASDD_RS\images\neitherFireNorSmoke_RS000394.tif,neither,train
E:\Projects-Seyed.Jasemi\Amir_Thesis\TUBITAK-1002\datasets\FASDD_RS\images\neitherFireNorSmoke_RS000395.tif,neither,val
E:\Projects-Seyed.Jasemi\Amir_Thesis\TUBITAK-1002\datasets\FASDD_RS\images\neitherFireNorSmoke_RS000396.tif,neither,train
E:\Projects-Seyed.Jasemi\Amir_Thesis\TUBITAK-1002\datasets\FASDD_RS\images\neitherFireNorSmoke_RS000397.tif,neither,train
E:\Projects-Seyed.Jasemi\Amir_Thesis\TUBITAK-1002\datasets\FASDD_RS\images\neitherFireNorSmoke_RS000398.tif,neither,val
E:\Projects-Seyed.Jasemi\Amir_Thesis\TUBITAK-1002\datasets\FASDD_RS\images\neitherFireNorSmoke_RS000399.tif,neither,test
E:\Projects-Seyed.Jasemi\Amir_Thesis\TUBITAK-1002\datasets\FASDD_RS\images\neitherFireNorSmoke_RS000400.tif,neither,train
E:\Projects-Seyed.Jasemi\Amir_Thesis\TUBITAK-1002\datasets\FASDD_RS\images\neitherFireNorSmoke_RS000401.tif,neither,val
E:\Projects-Seyed.Jasemi\Amir_Thesis\TUBITAK-1002\datasets\FASDD_RS\images\neitherFireNorSmoke_RS000402.tif,neither,test
E:\Projects-Seyed.Jasemi\Amir_Thesis\TUBITAK-1002\datasets\FASDD_RS\images\neitherFireNorSmoke_RS000403.tif,neither,test
E:\Projects-Seyed.Jasemi\Amir_Thesis\TUBITAK-1002\datasets\FASDD_RS\images\neitherFireNorSmoke_RS000404.tif,neither,val
E:\Projects-Seyed.Jasemi\Amir_Thesis\TUBITAK-1002\datasets\FASDD_RS\images\neitherFireNorSmoke_RS000405.tif,neither,val
E:\Projects-Seyed.Jasemi\Amir_Thesis\TUBITAK-1002\datasets\FASDD_RS\images\neitherFireNorSmoke_RS000406.tif,neither,val
E:\Projects-Seyed.Jasemi\Amir_Thesis\TUBITAK-1002\datasets\FASDD_RS\images\neitherFireNorSmoke_RS000407.tif,neither,train
E:\Projects-Seyed.Jasemi\Amir_Thesis\TUBITAK-1002\datasets\FASDD_RS\images\neitherFireNorSmoke_RS000408.tif,neither,train
E:\Projects-Seyed.Jasemi\Amir_Thesis\TUBITAK-1002\datasets\FASDD_RS\images\neitherFireNorSmoke_RS000409.tif,neither,train
E:\Projects-Seyed.Jasemi\Amir_Thesis\TUBITAK-1002\datasets\FASDD_RS\images\neitherFireNorSmoke_RS000410.tif,neither,train
E:\Projects-Seyed.Jasemi\Amir_Thesis\TUBITAK-1002\datasets\FASDD_RS\images\neitherFireNorSmoke_RS000411.tif,neither,val
E:\Projects-Seyed.Jasemi\Amir_Thesis\TUBITAK-1002\datasets\FASDD_RS\images\neitherFireNorSmoke_RS000412.tif,neither,train
E:\Projects-Seyed.Jasemi\Amir_Thesis\TUBITAK-1002\datasets\FASDD_RS\images\neitherFireNorSmoke_RS000413.tif,neither,test
E:\Projects-Seyed.Jasemi\Amir_Thesis\TUBITAK-1002\datasets\FASDD_RS\images\neitherFireNorSmoke_RS000414.tif,neither,test
E:\Projects-Seyed.Jasemi\Amir_Thesis\TUBITAK-1002\datasets\FASDD_RS\images\neitherFireNorSmoke_RS000415.tif,neither,train
E:\Projects-Seyed.Jasemi\Amir_Thesis\TUBITAK-1002\datasets\FASDD_RS\images\neitherFireNorSmoke_RS000416.tif,neither,val
E:\Projects-Seyed.Jasemi\Amir_Thesis\TUBITAK-1002\datasets\FASDD_RS\images\neitherFireNorSmoke_RS000417.tif,neither,train
E:\Projects-Seyed.Jasemi\Amir_Thesis\TUBITAK-1002\datasets\FASDD_RS\images\neitherFireNorSmoke_RS000418.tif,neither,train
E:\Projects-Seyed.Jasemi\Amir_Thesis\TUBITAK-1002\datasets\FASDD_RS\images\neitherFireNorSmoke_RS000419.tif,neither,val
E:\Projects-Seyed.Jasemi\Amir_Thesis\TUBITAK-1002\datasets\FASDD_RS\images\neitherFireNorSmoke_RS000420.tif,neither,train
E:\Projects-Seyed.Jasemi\Amir_Thesis\TUBITAK-1002\datasets\FASDD_RS\images\neitherFireNorSmoke_RS000421.tif,neither,train
E:\Projects-Seyed.Jasemi\Amir_Thesis\TUBITAK-1002\datasets\FASDD_RS\images\neitherFireNorSmoke_RS000422.tif,neither,train
E:\Projects-Seyed.Jasemi\Amir_Thesis\TUBITAK-1002\datasets\FASDD_RS\images\neitherFireNorSmoke_RS000423.tif,neither,val
E:\Projects-Seyed.Jasemi\Amir_Thesis\TUBITAK-1002\datasets\FASDD_RS\images\neitherFireNorSmoke_RS000424.tif,neither,test
E:\Projects-Seyed.Jasemi\Amir_Thesis\TUBITAK-1002\datasets\FASDD_RS\images\neitherFireNorSmoke_RS000425.tif,neither,train
E:\Projects-Seyed.Jasemi\Amir_Thesis\TUBITAK-1002\datasets\FASDD_RS\images\neitherFireNorSmoke_RS000426.tif,neither,test
E:\Projects-Seyed.Jasemi\Amir_Thesis\TUBITAK-1002\datasets\FASDD_RS\images\neitherFireNorSmoke_RS000427.tif,neither,train
E:\Projects-Seyed.Jasemi\Amir_Thesis\TUBITAK-1002\datasets\FASDD_RS\images\neitherFireNorSmoke_RS000428.tif,neither,train
E:\Projects-Seyed.Jasemi\Amir_Thesis\TUBITAK-1002\datasets\FASDD_RS\images\neitherFireNorSmoke_RS000429.tif,neither,train
E:\Projects-Seyed.Jasemi\Amir_Thesis\TUBITAK-1002\datasets\FASDD_RS\images\neitherFireNorSmoke_RS000430.tif,neither,train
E:\Projects-Seyed.Jasemi\Amir_Thesis\TUBITAK-1002\datasets\FASDD_RS\images\neitherFireNorSmoke_RS000431.tif,neither,val
E:\Projects-Seyed.Jasemi\Amir_Thesis\TUBITAK-1002\datasets\FASDD_RS\images\neitherFireNorSmoke_RS000432.tif,neither,test
E:\Projects-Seyed.Jasemi\Amir_Thesis\TUBITAK-1002\datasets\FASDD_RS\images\neitherFireNorSmoke_RS000433.tif,neither,val
E:\Projects-Seyed.Jasemi\Amir_Thesis\TUBITAK-1002\datasets\FASDD_RS\images\neitherFireNorSmoke_RS000434.tif,neither,train
E:\Projects-Seyed.Jasemi\Amir_Thesis\TUBITAK-1002\datasets\FASDD_RS\images\neitherFireNorSmoke_RS000435.tif,neither,train
E:\Projects-Seyed.Jasemi\Amir_Thesis\TUBITAK-1002\datasets\FASDD_RS\images\neitherFireNorSmoke_RS000436.tif,neither,val
E:\Projects-Seyed.Jasemi\Amir_Thesis\TUBITAK-1002\datasets\FASDD_RS\images\neitherFireNorSmoke_RS000437.tif,neither,train
E:\Projects-Seyed.Jasemi\Amir_Thesis\TUBITAK-1002\datasets\FASDD_RS\images\neitherFireNorSmoke_RS000438.tif,neither,train
E:\Projects-Seyed.Jasemi\Amir_Thesis\TUBITAK-1002\datasets\FASDD_RS\images\neitherFireNorSmoke_RS000439.tif,neither,val
E:\Projects-Seyed.Jasemi\Amir_Thesis\TUBITAK-1002\datasets\FASDD_RS\images\neitherFireNorSmoke_RS000440.tif,neither,train
E:\Projects-Seyed.Jasemi\Amir_Thesis\TUBITAK-1002\datasets\FASDD_RS\images\neitherFireNorSmoke_RS000441.tif,neither,train
E:\Projects-Seyed.Jasemi\Amir_Thesis\TUBITAK-1002\datasets\FASDD_RS\images\neitherFireNorSmoke_RS000442.tif,neither,val
E:\Projects-Seyed.Jasemi\Amir_Thesis\TUBITAK-1002\datasets\FASDD_RS\images\neitherFireNorSmoke_RS000443.tif,neither,test
E:\Projects-Seyed.Jasemi\Amir_Thesis\TUBITAK-1002\datasets\FASDD_RS\images\neitherFireNorSmoke_RS000444.tif,neither,val
E:\Projects-Seyed.Jasemi\Amir_Thesis\TUBITAK-1002\datasets\FASDD_RS\images\neitherFireNorSmoke_RS000445.tif,neither,val
E:\Projects-Seyed.Jasemi\Amir_Thesis\TUBITAK-1002\datasets\FASDD_RS\images\neitherFireNorSmoke_RS000446.tif,neither,train
E:\Projects-Seyed.Jasemi\Amir_Thesis\TUBITAK-1002\datasets\FASDD_RS\images\neitherFireNorSmoke_RS000447.tif,neither,train
E:\Projects-Seyed.Jasemi\Amir_Thesis\TUBITAK-1002\datasets\FASDD_RS\images\neitherFireNorSmoke_RS000448.tif,neither,test
E:\Projects-Seyed.Jasemi\Amir_Thesis\TUBITAK-1002\datasets\FASDD_RS\images\neitherFireNorSmoke_RS000449.tif,neither,test
E:\Projects-Seyed.Jasemi\Amir_Thesis\TUBITAK-1002\datasets\FASDD_RS\images\neitherFireNorSmoke_RS000450.tif,neither,train
E:\Projects-Seyed.Jasemi\Amir_Thesis\TUBITAK-1002\datasets\FASDD_RS\images\neitherFireNorSmoke_RS000451.tif,neither,val
E:\Projects-Seyed.Jasemi\Amir_Thesis\TUBITAK-1002\datasets\FASDD_RS\images\neitherFireNorSmoke_RS000452.tif,neither,train
E:\Projects-Seyed.Jasemi\Amir_Thesis\TUBITAK-1002\datasets\FASDD_RS\images\neitherFireNorSmoke_RS000453.tif,neither,train
E:\Projects-Seyed.Jasemi\Amir_Thesis\TUBITAK-1002\datasets\FASDD_RS\images\neitherFireNorSmoke_RS000454.tif,neither,train
E:\Projects-Seyed.Jasemi\Amir_Thesis\TUBITAK-1002\datasets\FASDD_RS\images\neitherFireNorSmoke_RS000455.tif,neither,train
E:\Projects-Seyed.Jasemi\Amir_Thesis\TUBITAK-1002\datasets\FASDD_RS\images\neitherFireNorSmoke_RS000456.tif,neither,test
E:\Projects-Seyed.Jasemi\Amir_Thesis\TUBITAK-1002\datasets\FASDD_RS\images\neitherFireNorSmoke_RS000457.tif,neither,train
E:\Projects-Seyed.Jasemi\Amir_Thesis\TUBITAK-1002\datasets\FASDD_RS\images\neitherFireNorSmoke_RS000458.tif,neither,train
E:\Projects-Seyed.Jasemi\Amir_Thesis\TUBITAK-1002\datasets\FASDD_RS\images\neitherFireNorSmoke_RS000459.tif,neither,train
E:\Projects-Seyed.Jasemi\Amir_Thesis\TUBITAK-1002\datasets\FASDD_RS\images\neitherFireNorSmoke_RS000460.tif,neither,test
E:\Projects-Seyed.Jasemi\Amir_Thesis\TUBITAK-1002\datasets\FASDD_RS\images\neitherFireNorSmoke_RS000461.tif,neither,val
E:\Projects-Seyed.Jasemi\Amir_Thesis\TUBITAK-1002\datasets\FASDD_RS\images\neitherFireNorSmoke_RS000462.tif,neither,train
E:\Projects-Seyed.Jasemi\Amir_Thesis\TUBITAK-1002\datasets\FASDD_RS\images\neitherFireNorSmoke_RS000463.tif,neither,val
E:\Projects-Seyed.Jasemi\Amir_Thesis\TUBITAK-1002\datasets\FASDD_RS\images\neitherFireNorSmoke_RS000464.tif,neither,train
E:\Projects-Seyed.Jasemi\Amir_Thesis\TUBITAK-1002\datasets\FASDD_RS\images\neitherFireNorSmoke_RS000465.tif,neither,val
E:\Projects-Seyed.Jasemi\Amir_Thesis\TUBITAK-1002\datasets\FASDD_RS\images\neitherFireNorSmoke_RS000466.tif,neither,train
E:\Projects-Seyed.Jasemi\Amir_Thesis\TUBITAK-1002\datasets\FASDD_RS\images\neitherFireNorSmoke_RS000467.tif,neither,val
E:\Projects-Seyed.Jasemi\Amir_Thesis\TUBITAK-1002\datasets\FASDD_RS\images\neitherFireNorSmoke_RS000468.tif,neither,val
E:\Projects-Seyed.Jasemi\Amir_Thesis\TUBITAK-1002\datasets\FASDD_RS\images\neitherFireNorSmoke_RS000469.tif,neither,val
E:\Projects-Seyed.Jasemi\Amir_Thesis\TUBITAK-1002\datasets\FASDD_RS\images\neitherFireNorSmoke_RS000470.tif,neither,test
E:\Projects-Seyed.Jasemi\Amir_Thesis\TUBITAK-1002\datasets\FASDD_RS\images\neitherFireNorSmoke_RS000471.tif,neither,val
E:\Projects-Seyed.Jasemi\Amir_Thesis\TUBITAK-1002\datasets\FASDD_RS\images\neitherFireNorSmoke_RS000472.tif,neither,train
E:\Projects-Seyed.Jasemi\Amir_Thesis\TUBITAK-1002\datasets\FASDD_RS\images\neitherFireNorSmoke_RS000473.tif,neither,val
E:\Projects-Seyed.Jasemi\Amir_Thesis\TUBITAK-1002\datasets\FASDD_RS\images\neitherFireNorSmoke_RS000474.tif,neither,train
E:\Projects-Seyed.Jasemi\Amir_Thesis\TUBITAK-1002\datasets\FASDD_RS\images\neitherFireNorSmoke_RS000475.tif,neither,val
E:\Projects-Seyed.Jasemi\Amir_Thesis\TUBITAK-1002\datasets\FASDD_RS\images\neitherFireNorSmoke_RS000476.tif,neither,train
E:\Projects-Seyed.Jasemi\Amir_Thesis\TUBITAK-1002\datasets\FASDD_RS\images\neitherFireNorSmoke_RS000477.tif,neither,train
E:\Projects-Seyed.Jasemi\Amir_Thesis\TUBITAK-1002\datasets\FASDD_RS\images\neitherFireNorSmoke_RS000478.tif,neither,train
E:\Projects-Seyed.Jasemi\Amir_Thesis\TUBITAK-1002\datasets\FASDD_RS\images\neitherFireNorSmoke_RS000479.tif,neither,train
E:\Projects-Seyed.Jasemi\Amir_Thesis\TUBITAK-1002\datasets\FASDD_RS\images\neitherFireNorSmoke_RS000480.tif,neither,test
E:\Projects-Seyed.Jasemi\Amir_Thesis\TUBITAK-1002\datasets\FASDD_RS\images\neitherFireNorSmoke_RS000481.tif,neither,train
E:\Projects-Seyed.Jasemi\Amir_Thesis\TUBITAK-1002\datasets\FASDD_RS\images\neitherFireNorSmoke_RS000482.tif,neither,train
E:\Projects-Seyed.Jasemi\Amir_Thesis\TUBITAK-1002\datasets\FASDD_RS\images\neitherFireNorSmoke_RS000483.tif,neither,test
E:\Projects-Seyed.Jasemi\Amir_Thesis\TUBITAK-1002\datasets\FASDD_RS\images\neitherFireNorSmoke_RS000484.tif,neither,train
E:\Projects-Seyed.Jasemi\Amir_Thesis\TUBITAK-1002\datasets\FASDD_RS\images\neitherFireNorSmoke_RS000485.tif,neither,val
E:\Projects-Seyed.Jasemi\Amir_Thesis\TUBITAK-1002\datasets\FASDD_RS\images\neitherFireNorSmoke_RS000486.tif,neither,train
E:\Projects-Seyed.Jasemi\Amir_Thesis\TUBITAK-1002\datasets\FASDD_RS\images\neitherFireNorSmoke_RS000487.tif,neither,train
E:\Projects-Seyed.Jasemi\Amir_Thesis\TUBITAK-1002\datasets\FASDD_RS\images\neitherFireNorSmoke_RS000488.tif,neither,val
E:\Projects-Seyed.Jasemi\Amir_Thesis\TUBITAK-1002\datasets\FASDD_RS\images\neitherFireNorSmoke_RS000489.tif,neither,train
E:\Projects-Seyed.Jasemi\Amir_Thesis\TUBITAK-1002\datasets\FASDD_RS\images\neitherFireNorSmoke_RS000490.tif,neither,train
E:\Projects-Seyed.Jasemi\Amir_Thesis\TUBITAK-1002\datasets\FASDD_RS\images\neitherFireNorSmoke_RS000491.tif,neither,test
E:\Projects-Seyed.Jasemi\Amir_Thesis\TUBITAK-1002\datasets\FASDD_RS\images\neitherFireNorSmoke_RS000492.tif,neither,val
E:\Projects-Seyed.Jasemi\Amir_Thesis\TUBITAK-1002\datasets\FASDD_RS\images\neitherFireNorSmoke_RS000493.tif,neither,train
E:\Projects-Seyed.Jasemi\Amir_Thesis\TUBITAK-1002\datasets\FASDD_RS\images\neitherFireNorSmoke_RS000494.tif,neither,train
E:\Projects-Seyed.Jasemi\Amir_Thesis\TUBITAK-1002\datasets\FASDD_RS\images\neitherFireNorSmoke_RS000495.tif,neither,val
E:\Projects-Seyed.Jasemi\Amir_Thesis\TUBITAK-1002\datasets\FASDD_RS\images\neitherFireNorSmoke_RS000496.tif,neither,val
E:\Projects-Seyed.Jasemi\Amir_Thesis\TUBITAK-1002\datasets\FASDD_RS\images\neitherFireNorSmoke_RS000497.tif,neither,train
E:\Projects-Seyed.Jasemi\Amir_Thesis\TUBITAK-1002\datasets\FASDD_RS\images\neitherFireNorSmoke_RS000498.tif,neither,val
E:\Projects-Seyed.Jasemi\Amir_Thesis\TUBITAK-1002\datasets\FASDD_RS\images\neitherFireNorSmoke_RS000499.tif,neither,test
E:\Projects-Seyed.Jasemi\Amir_Thesis\TUBITAK-1002\datasets\FASDD_RS\images\neitherFireNorSmoke_RS000500.tif,neither,val
E:\Projects-Seyed.Jasemi\Amir_Thesis\TUBITAK-1002\datasets\FASDD_RS\images\neitherFireNorSmoke_RS000501.tif,neither,test
E:\Projects-Seyed.Jasemi\Amir_Thesis\TUBITAK-1002\datasets\FASDD_RS\images\neitherFireNorSmoke_RS000502.tif,neither,train
E:\Projects-Seyed.Jasemi\Amir_Thesis\TUBITAK-1002\datasets\FASDD_RS\images\neitherFireNorSmoke_RS000503.tif,neither,val
E:\Projects-Seyed.Jasemi\Amir_Thesis\TUBITAK-1002\datasets\FASDD_RS\images\neitherFireNorSmoke_RS000504.tif,neither,val
E:\Projects-Seyed.Jasemi\Amir_Thesis\TUBITAK-1002\datasets\FASDD_RS\images\neitherFireNorSmoke_RS000505.tif,neither,train
E:\Projects-Seyed.Jasemi\Amir_Thesis\TUBITAK-1002\datasets\FASDD_RS\images\neitherFireNorSmoke_RS000506.tif,neither,train
E:\Projects-Seyed.Jasemi\Amir_Thesis\TUBITAK-1002\datasets\FASDD_RS\images\neitherFireNorSmoke_RS000507.tif,neither,test
E:\Projects-Seyed.Jasemi\Amir_Thesis\TUBITAK-1002\datasets\FASDD_RS\images\neitherFireNorSmoke_RS000508.tif,neither,val
E:\Projects-Seyed.Jasemi\Amir_Thesis\TUBITAK-1002\datasets\FASDD_RS\images\neitherFireNorSmoke_RS000509.tif,neither,train
E:\Projects-Seyed.Jasemi\Amir_Thesis\TUBITAK-1002\datasets\FASDD_RS\images\neitherFireNorSmoke_RS000510.tif,neither,train
E:\Projects-Seyed.Jasemi\Amir_Thesis\TUBITAK-1002\datasets\FASDD_RS\images\neitherFireNorSmoke_RS000511.tif,neither,test
E:\Projects-Seyed.Jasemi\Amir_Thesis\TUBITAK-1002\datasets\FASDD_RS\images\neitherFireNorSmoke_RS000512.tif,neither,test
E:\Projects-Seyed.Jasemi\Amir_Thesis\TUBITAK-1002\datasets\FASDD_RS\images\neitherFireNorSmoke_RS000513.tif,neither,train
E:\Projects-Seyed.Jasemi\Amir_Thesis\TUBITAK-1002\datasets\FASDD_RS\images\neitherFireNorSmoke_RS000514.tif,neither,test
E:\Projects-Seyed.Jasemi\Amir_Thesis\TUBITAK-1002\datasets\FASDD_RS\images\neitherFireNorSmoke_RS000515.tif,neither,train
E:\Projects-Seyed.Jasemi\Amir_Thesis\TUBITAK-1002\datasets\FASDD_RS\images\neitherFireNorSmoke_RS000516.tif,neither,val
E:\Projects-Seyed.Jasemi\Amir_Thesis\TUBITAK-1002\datasets\FASDD_RS\images\neitherFireNorSmoke_RS000517.tif,neither,test
E:\Projects-Seyed.Jasemi\Amir_Thesis\TUBITAK-1002\datasets\FASDD_RS\images\neitherFireNorSmoke_RS000518.tif,neither,val
E:\Projects-Seyed.Jasemi\Amir_Thesis\TUBITAK-1002\datasets\FASDD_RS\images\neitherFireNorSmoke_RS000519.tif,neither,test
E:\Projects-Seyed.Jasemi\Amir_Thesis\TUBITAK-1002\datasets\FASDD_RS\images\neitherFireNorSmoke_RS000520.tif,neither,test
E:\Projects-Seyed.Jasemi\Amir_Thesis\TUBITAK-1002\datasets\FASDD_RS\images\neitherFireNorSmoke_RS000521.tif,neither,val
E:\Projects-Seyed.Jasemi\Amir_Thesis\TUBITAK-1002\datasets\FASDD_RS\images\neitherFireNorSmoke_RS000522.tif,neither,val
E:\Projects-Seyed.Jasemi\Amir_Thesis\TUBITAK-1002\datasets\FASDD_RS\images\neitherFireNorSmoke_RS000523.tif,neither,val
E:\Projects-Seyed.Jasemi\Amir_Thesis\TUBITAK-1002\datasets\FASDD_RS\images\neitherFireNorSmoke_RS000524.tif,neither,test
E:\Projects-Seyed.Jasemi\Amir_Thesis\TUBITAK-1002\datasets\FASDD_RS\images\neitherFireNorSmoke_RS000525.tif,neither,val
E:\Projects-Seyed.Jasemi\Amir_Thesis\TUBITAK-1002\datasets\FASDD_RS\images\neitherFireNorSmoke_RS000526.tif,neither,test
E:\Projects-Seyed.Jasemi\Amir_Thesis\TUBITAK-1002\datasets\FASDD_RS\images\neitherFireNorSmoke_RS000527.tif,neither,train
E:\Projects-Seyed.Jasemi\Amir_Thesis\TUBITAK-1002\datasets\FASDD_RS\images\neitherFireNorSmoke_RS000528.tif,neither,val
E:\Projects-Seyed.Jasemi\Amir_Thesis\TUBITAK-1002\datasets\FASDD_RS\images\neitherFireNorSmoke_RS000529.tif,neither,train
E:\Projects-Seyed.Jasemi\Amir_Thesis\TUBITAK-1002\datasets\FASDD_RS\images\neitherFireNorSmoke_RS000530.tif,neither,train
E:\Projects-Seyed.Jasemi\Amir_Thesis\TUBITAK-1002\datasets\FASDD_RS\images\neitherFireNorSmoke_RS000531.tif,neither,test
E:\Projects-Seyed.Jasemi\Amir_Thesis\TUBITAK-1002\datasets\FASDD_RS\images\neitherFireNorSmoke_RS000532.tif,neither,val
E:\Projects-Seyed.Jasemi\Amir_Thesis\TUBITAK-1002\datasets\FASDD_RS\images\neitherFireNorSmoke_RS000533.tif,neither,test
E:\Projects-Seyed.Jasemi\Amir_Thesis\TUBITAK-1002\datasets\FASDD_RS\images\neitherFireNorSmoke_RS000534.tif,neither,train
E:\Projects-Seyed.Jasemi\Amir_Thesis\TUBITAK-1002\datasets\FASDD_RS\images\neitherFireNorSmoke_RS000535.tif,neither,val
E:\Projects-Seyed.Jasemi\Amir_Thesis\TUBITAK-1002\datasets\FASDD_RS\images\neitherFireNorSmoke_RS000536.tif,neither,val
E:\Projects-Seyed.Jasemi\Amir_Thesis\TUBITAK-1002\datasets\FASDD_RS\images\neitherFireNorSmoke_RS000537.tif,neither,train
E:\Projects-Seyed.Jasemi\Amir_Thesis\TUBITAK-1002\datasets\FASDD_RS\images\neitherFireNorSmoke_RS000538.tif,neither,train
E:\Projects-Seyed.Jasemi\Amir_Thesis\TUBITAK-1002\datasets\FASDD_RS\images\neitherFireNorSmoke_RS000539.tif,neither,val
E:\Projects-Seyed.Jasemi\Amir_Thesis\TUBITAK-1002\datasets\FASDD_RS\images\neitherFireNorSmoke_RS000540.tif,neither,test
E:\Projects-Seyed.Jasemi\Amir_Thesis\TUBITAK-1002\datasets\FASDD_RS\images\neitherFireNorSmoke_RS000541.tif,neither,train
E:\Projects-Seyed.Jasemi\Amir_Thesis\TUBITAK-1002\datasets\FASDD_RS\images\neitherFireNorSmoke_RS000542.tif,neither,train
E:\Projects-Seyed.Jasemi\Amir_Thesis\TUBITAK-1002\datasets\FASDD_RS\images\neitherFireNorSmoke_RS000543.tif,neither,val
E:\Projects-Seyed.Jasemi\Amir_Thesis\TUBITAK-1002\datasets\FASDD_RS\images\neitherFireNorSmoke_RS000544.tif,neither,val
E:\Projects-Seyed.Jasemi\Amir_Thesis\TUBITAK-1002\datasets\FASDD_RS\images\neitherFireNorSmoke_RS000545.tif,neither,val
E:\Projects-Seyed.Jasemi\Amir_Thesis\TUBITAK-1002\datasets\FASDD_RS\images\neitherFireNorSmoke_RS000546.tif,neither,train
E:\Projects-Seyed.Jasemi\Amir_Thesis\TUBITAK-1002\datasets\FASDD_RS\images\neitherFireNorSmoke_RS000547.tif,neither,val
E:\Projects-Seyed.Jasemi\Amir_Thesis\TUBITAK-1002\datasets\FASDD_RS\images\neitherFireNorSmoke_RS000548.tif,neither,val
E:\Projects-Seyed.Jasemi\Amir_Thesis\TUBITAK-1002\datasets\FASDD_RS\images\neitherFireNorSmoke_RS000549.tif,neither,train
E:\Projects-Seyed.Jasemi\Amir_Thesis\TUBITAK-1002\datasets\FASDD_RS\images\neitherFireNorSmoke_RS000550.tif,neither,val
E:\Projects-Seyed.Jasemi\Amir_Thesis\TUBITAK-1002\datasets\FASDD_RS\images\neitherFireNorSmoke_RS000551.tif,neither,val
E:\Projects-Seyed.Jasemi\Amir_Thesis\TUBITAK-1002\datasets\FASDD_RS\images\neitherFireNorSmoke_RS000552.tif,neither,test
E:\Projects-Seyed.Jasemi\Amir_Thesis\TUBITAK-1002\datasets\FASDD_RS\images\neitherFireNorSmoke_RS000553.tif,neither,val
E:\Projects-Seyed.Jasemi\Amir_Thesis\TUBITAK-1002\datasets\FASDD_RS\images\neitherFireNorSmoke_RS000554.tif,neither,test
E:\Projects-Seyed.Jasemi\Amir_Thesis\TUBITAK-1002\datasets\FASDD_RS\images\neitherFireNorSmoke_RS000555.tif,neither,train
E:\Projects-Seyed.Jasemi\Amir_Thesis\TUBITAK-1002\datasets\FASDD_RS\images\neitherFireNorSmoke_RS000556.tif,neither,train
E:\Projects-Seyed.Jasemi\Amir_Thesis\TUBITAK-1002\datasets\FASDD_RS\images\neitherFireNorSmoke_RS000557.tif,neither,val
E:\Projects-Seyed.Jasemi\Amir_Thesis\TUBITAK-1002\datasets\FASDD_RS\images\neitherFireNorSmoke_RS000558.tif,neither,val
E:\Projects-Seyed.Jasemi\Amir_Thesis\TUBITAK-1002\datasets\FASDD_RS\images\neitherFireNorSmoke_RS000559.tif,neither,train
E:\Projects-Seyed.Jasemi\Amir_Thesis\TUBITAK-1002\datasets\FASDD_RS\images\neitherFireNorSmoke_RS000560.tif,neither,val
E:\Projects-Seyed.Jasemi\Amir_Thesis\TUBITAK-1002\datasets\FASDD_RS\images\neitherFireNorSmoke_RS000561.tif,neither,test
E:\Projects-Seyed.Jasemi\Amir_Thesis\TUBITAK-1002\datasets\FASDD_RS\images\neitherFireNorSmoke_RS000562.tif,neither,train
E:\Projects-Seyed.Jasemi\Amir_Thesis\TUBITAK-1002\datasets\FASDD_RS\images\neitherFireNorSmoke_RS000563.tif,neither,val
E:\Projects-Seyed.Jasemi\Amir_Thesis\TUBITAK-1002\datasets\FASDD_RS\images\neitherFireNorSmoke_RS000564.tif,neither,val
E:\Projects-Seyed.Jasemi\Amir_Thesis\TUBITAK-1002\datasets\FASDD_RS\images\neitherFireNorSmoke_RS000565.tif,neither,val
E:\Projects-Seyed.Jasemi\Amir_Thesis\TUBITAK-1002\datasets\FASDD_RS\images\neitherFireNorSmoke_RS000566.tif,neither,test
E:\Projects-Seyed.Jasemi\Amir_Thesis\TUBITAK-1002\datasets\FASDD_RS\images\neitherFireNorSmoke_RS000567.tif,neither,val
E:\Projects-Seyed.Jasemi\Amir_Thesis\TUBITAK-1002\datasets\FASDD_RS\images\neitherFireNorSmoke_RS000568.tif,neither,train
E:\Projects-Seyed.Jasemi\Amir_Thesis\TUBITAK-1002\datasets\FASDD_RS\images\neitherFireNorSmoke_RS000569.tif,neither,test
E:\Projects-Seyed.Jasemi\Amir_Thesis\TUBITAK-1002\datasets\FASDD_RS\images\neitherFireNorSmoke_RS000570.tif,neither,train
E:\Projects-Seyed.Jasemi\Amir_Thesis\TUBITAK-1002\datasets\FASDD_RS\images\neitherFireNorSmoke_RS000571.tif,neither,train
E:\Projects-Seyed.Jasemi\Amir_Thesis\TUBITAK-1002\datasets\FASDD_RS\images\neitherFireNorSmoke_RS000572.tif,neither,train
E:\Projects-Seyed.Jasemi\Amir_Thesis\TUBITAK-1002\datasets\FASDD_RS\images\neitherFireNorSmoke_RS000573.tif,neither,train
E:\Projects-Seyed.Jasemi\Amir_Thesis\TUBITAK-1002\datasets\FASDD_RS\images\neitherFireNorSmoke_RS000574.tif,neither,test
E:\Projects-Seyed.Jasemi\Amir_Thesis\TUBITAK-1002\datasets\FASDD_RS\images\neitherFireNorSmoke_RS000575.tif,neither,train
E:\Projects-Seyed.Jasemi\Amir_Thesis\TUBITAK-1002\datasets\FASDD_RS\images\neitherFireNorSmoke_RS000576.tif,neither,val
E:\Projects-Seyed.Jasemi\Amir_Thesis\TUBITAK-1002\datasets\FASDD_RS\images\neitherFireNorSmoke_RS000577.tif,neither,train
E:\Projects-Seyed.Jasemi\Amir_Thesis\TUBITAK-1002\datasets\FASDD_RS\images\neitherFireNorSmoke_RS000578.tif,neither,val
E:\Projects-Seyed.Jasemi\Amir_Thesis\TUBITAK-1002\datasets\FASDD_RS\images\neitherFireNorSmoke_RS000579.tif,neither,val
E:\Projects-Seyed.Jasemi\Amir_Thesis\TUBITAK-1002\datasets\FASDD_RS\images\neitherFireNorSmoke_RS000580.tif,neither,train
E:\Projects-Seyed.Jasemi\Amir_Thesis\TUBITAK-1002\datasets\FASDD_RS\images\neitherFireNorSmoke_RS000581.tif,neither,val
E:\Projects-Seyed.Jasemi\Amir_Thesis\TUBITAK-1002\datasets\FASDD_RS\images\neitherFireNorSmoke_RS000582.tif,neither,test
E:\Projects-Seyed.Jasemi\Amir_Thesis\TUBITAK-1002\datasets\FASDD_RS\images\neitherFireNorSmoke_RS000583.tif,neither,val
E:\Projects-Seyed.Jasemi\Amir_Thesis\TUBITAK-1002\datasets\FASDD_RS\images\neitherFireNorSmoke_RS000584.tif,neither,train
E:\Projects-Seyed.Jasemi\Amir_Thesis\TUBITAK-1002\datasets\FASDD_RS\images\neitherFireNorSmoke_RS000585.tif,neither,val
E:\Projects-Seyed.Jasemi\Amir_Thesis\TUBITAK-1002\datasets\FASDD_RS\images\neitherFireNorSmoke_RS000586.tif,neither,val
E:\Projects-Seyed.Jasemi\Amir_Thesis\TUBITAK-1002\datasets\FASDD_RS\images\neitherFireNorSmoke_RS000587.tif,neither,val
E:\Projects-Seyed.Jasemi\Amir_Thesis\TUBITAK-1002\datasets\FASDD_RS\images\neitherFireNorSmoke_RS000588.tif,neither,train
E:\Projects-Seyed.Jasemi\Amir_Thesis\TUBITAK-1002\datasets\FASDD_RS\images\neitherFireNorSmoke_RS000589.tif,neither,val
E:\Projects-Seyed.Jasemi\Amir_Thesis\TUBITAK-1002\datasets\FASDD_RS\images\neitherFireNorSmoke_RS000590.tif,neither,val
E:\Projects-Seyed.Jasemi\Amir_Thesis\TUBITAK-1002\datasets\FASDD_RS\images\neitherFireNorSmoke_RS000591.tif,neither,test
E:\Projects-Seyed.Jasemi\Amir_Thesis\TUBITAK-1002\datasets\FASDD_RS\images\neitherFireNorSmoke_RS000592.tif,neither,test
E:\Projects-Seyed.Jasemi\Amir_Thesis\TUBITAK-1002\datasets\FASDD_RS\images\neitherFireNorSmoke_RS000593.tif,neither,val
E:\Projects-Seyed.Jasemi\Amir_Thesis\TUBITAK-1002\datasets\FASDD_RS\images\neitherFireNorSmoke_RS000594.tif,neither,val
E:\Projects-Seyed.Jasemi\Amir_Thesis\TUBITAK-1002\datasets\FASDD_RS\images\neitherFireNorSmoke_RS000595.tif,neither,train
E:\Projects-Seyed.Jasemi\Amir_Thesis\TUBITAK-1002\datasets\FASDD_RS\images\neitherFireNorSmoke_RS000596.tif,neither,train
E:\Projects-Seyed.Jasemi\Amir_Thesis\TUBITAK-1002\datasets\FASDD_RS\images\neitherFireNorSmoke_RS000597.tif,neither,val
E:\Projects-Seyed.Jasemi\Amir_Thesis\TUBITAK-1002\datasets\FASDD_RS\images\neitherFireNorSmoke_RS000598.tif,neither,val
E:\Projects-Seyed.Jasemi\Amir_Thesis\TUBITAK-1002\datasets\FASDD_RS\images\neitherFireNorSmoke_RS000599.tif,neither,train
E:\Projects-Seyed.Jasemi\Amir_Thesis\TUBITAK-1002\datasets\FASDD_RS\images\neitherFireNorSmoke_RS000600.tif,neither,train
E:\Projects-Seyed.Jasemi\Amir_Thesis\TUBITAK-1002\datasets\FASDD_RS\images\neitherFireNorSmoke_RS000601.tif,neither,test
E:\Projects-Seyed.Jasemi\Amir_Thesis\TUBITAK-1002\datasets\FASDD_RS\images\neitherFireNorSmoke_RS000602.tif,neither,train
E:\Projects-Seyed.Jasemi\Amir_Thesis\TUBITAK-1002\datasets\FASDD_RS\images\neitherFireNorSmoke_RS000603.tif,neither,test
E:\Projects-Seyed.Jasemi\Amir_Thesis\TUBITAK-1002\datasets\FASDD_RS\images\neitherFireNorSmoke_RS000604.tif,neither,val
E:\Projects-Seyed.Jasemi\Amir_Thesis\TUBITAK-1002\datasets\FASDD_RS\images\neitherFireNorSmoke_RS000605.tif,neither,test
E:\Projects-Seyed.Jasemi\Amir_Thesis\TUBITAK-1002\datasets\FASDD_RS\images\neitherFireNorSmoke_RS000606.tif,neither,train
E:\Projects-Seyed.Jasemi\Amir_Thesis\TUBITAK-1002\datasets\FASDD_RS\images\neitherFireNorSmoke_RS000607.tif,neither,test
E:\Projects-Seyed.Jasemi\Amir_Thesis\TUBITAK-1002\datasets\FASDD_RS\images\neitherFireNorSmoke_RS000608.tif,neither,train
E:\Projects-Seyed.Jasemi\Amir_Thesis\TUBITAK-1002\datasets\FASDD_RS\images\neitherFireNorSmoke_RS000609.tif,neither,train
E:\Projects-Seyed.Jasemi\Amir_Thesis\TUBITAK-1002\datasets\FASDD_RS\images\neitherFireNorSmoke_RS000610.tif,neither,train
E:\Projects-Seyed.Jasemi\Amir_Thesis\TUBITAK-1002\datasets\FASDD_RS\images\neitherFireNorSmoke_RS000611.tif,neither,train
E:\Projects-Seyed.Jasemi\Amir_Thesis\TUBITAK-1002\datasets\FASDD_RS\images\neitherFireNorSmoke_RS000612.tif,neither,train
E:\Projects-Seyed.Jasemi\Amir_Thesis\TUBITAK-1002\datasets\FASDD_RS\images\neitherFireNorSmoke_RS000613.tif,neither,train
E:\Projects-Seyed.Jasemi\Amir_Thesis\TUBITAK-1002\datasets\FASDD_RS\images\neitherFireNorSmoke_RS000614.tif,neither,val
E:\Projects-Seyed.Jasemi\Amir_Thesis\TUBITAK-1002\datasets\FASDD_RS\images\neitherFireNorSmoke_RS000615.tif,neither,train
E:\Projects-Seyed.Jasemi\Amir_Thesis\TUBITAK-1002\datasets\FASDD_RS\images\neitherFireNorSmoke_RS000616.tif,neither,val
E:\Projects-Seyed.Jasemi\Amir_Thesis\TUBITAK-1002\datasets\FASDD_RS\images\neitherFireNorSmoke_RS000617.tif,neither,val
E:\Projects-Seyed.Jasemi\Amir_Thesis\TUBITAK-1002\datasets\FASDD_RS\images\neitherFireNorSmoke_RS000618.tif,neither,train
E:\Projects-Seyed.Jasemi\Amir_Thesis\TUBITAK-1002\datasets\FASDD_RS\images\neitherFireNorSmoke_RS000619.tif,neither,train
E:\Projects-Seyed.Jasemi\Amir_Thesis\TUBITAK-1002\datasets\FASDD_RS\images\neitherFireNorSmoke_RS000620.tif,neither,val
E:\Projects-Seyed.Jasemi\Amir_Thesis\TUBITAK-1002\datasets\FASDD_RS\images\neitherFireNorSmoke_RS000621.tif,neither,train
E:\Projects-Seyed.Jasemi\Amir_Thesis\TUBITAK-1002\datasets\FASDD_RS\images\neitherFireNorSmoke_RS000622.tif,neither,test
E:\Projects-Seyed.Jasemi\Amir_Thesis\TUBITAK-1002\datasets\FASDD_RS\images\neitherFireNorSmoke_RS000623.tif,neither,test
E:\Projects-Seyed.Jasemi\Amir_Thesis\TUBITAK-1002\datasets\FASDD_RS\images\neitherFireNorSmoke_RS000624.tif,neither,train
E:\Projects-Seyed.Jasemi\Amir_Thesis\TUBITAK-1002\datasets\FASDD_RS\images\neitherFireNorSmoke_RS000625.tif,neither,val
E:\Projects-Seyed.Jasemi\Amir_Thesis\TUBITAK-1002\datasets\FASDD_RS\images\neitherFireNorSmoke_RS000626.tif,neither,val
E:\Projects-Seyed.Jasemi\Amir_Thesis\TUBITAK-1002\datasets\FASDD_RS\images\neitherFireNorSmoke_RS000627.tif,neither,val
E:\Projects-Seyed.Jasemi\Amir_Thesis\TUBITAK-1002\datasets\FASDD_RS\images\neitherFireNorSmoke_RS000628.tif,neither,train
E:\Projects-Seyed.Jasemi\Amir_Thesis\TUBITAK-1002\datasets\FASDD_RS\images\neitherFireNorSmoke_RS000629.tif,neither,test
E:\Projects-Seyed.Jasemi\Amir_Thesis\TUBITAK-1002\datasets\FASDD_RS\images\neitherFireNorSmoke_RS000630.tif,neither,train
E:\Projects-Seyed.Jasemi\Amir_Thesis\TUBITAK-1002\datasets\FASDD_RS\images\neitherFireNorSmoke_RS000631.tif,neither,train
E:\Projects-Seyed.Jasemi\Amir_Thesis\TUBITAK-1002\datasets\FASDD_RS\images\neitherFireNorSmoke_RS000632.tif,neither,val
E:\Projects-Seyed.Jasemi\Amir_Thesis\TUBITAK-1002\datasets\FASDD_RS\images\neitherFireNorSmoke_RS000633.tif,neither,val
E:\Projects-Seyed.Jasemi\Amir_Thesis\TUBITAK-1002\datasets\FASDD_RS\images\neitherFireNorSmoke_RS000634.tif,neither,train
E:\Projects-Seyed.Jasemi\Amir_Thesis\TUBITAK-1002\datasets\FASDD_RS\images\neitherFireNorSmoke_RS000635.tif,neither,val
E:\Projects-Seyed.Jasemi\Amir_Thesis\TUBITAK-1002\datasets\FASDD_RS\images\neitherFireNorSmoke_RS000636.tif,neither,train
E:\Projects-Seyed.Jasemi\Amir_Thesis\TUBITAK-1002\datasets\FASDD_RS\images\neitherFireNorSmoke_RS000637.tif,neither,val
E:\Projects-Seyed.Jasemi\Amir_Thesis\TUBITAK-1002\datasets\FASDD_RS\images\neitherFireNorSmoke_RS000638.tif,neither,val
E:\Projects-Seyed.Jasemi\Amir_Thesis\TUBITAK-1002\datasets\FASDD_RS\images\neitherFireNorSmoke_RS000639.tif,neither,val
E:\Projects-Seyed.Jasemi\Amir_Thesis\TUBITAK-1002\datasets\FASDD_RS\images\neitherFireNorSmoke_RS000640.tif,neither,val
E:\Projects-Seyed.Jasemi\Amir_Thesis\TUBITAK-1002\datasets\FASDD_RS\images\neitherFireNorSmoke_RS000641.tif,neither,val
E:\Projects-Seyed.Jasemi\Amir_Thesis\TUBITAK-1002\datasets\FASDD_RS\images\neitherFireNorSmoke_RS000642.tif,neither,train
E:\Projects-Seyed.Jasemi\Amir_Thesis\TUBITAK-1002\datasets\FASDD_RS\images\neitherFireNorSmoke_RS000643.tif,neither,train
E:\Projects-Seyed.Jasemi\Amir_Thesis\TUBITAK-1002\datasets\FASDD_RS\images\neitherFireNorSmoke_RS000644.tif,neither,test
E:\Projects-Seyed.Jasemi\Amir_Thesis\TUBITAK-1002\datasets\FASDD_RS\images\neitherFireNorSmoke_RS000645.tif,neither,val
E:\Projects-Seyed.Jasemi\Amir_Thesis\TUBITAK-1002\datasets\FASDD_RS\images\neitherFireNorSmoke_RS000646.tif,neither,train
E:\Projects-Seyed.Jasemi\Amir_Thesis\TUBITAK-1002\datasets\FASDD_RS\images\neitherFireNorSmoke_RS000647.tif,neither,train
E:\Projects-Seyed.Jasemi\Amir_Thesis\TUBITAK-1002\datasets\FASDD_RS\images\neitherFireNorSmoke_RS000648.tif,neither,train
E:\Projects-Seyed.Jasemi\Amir_Thesis\TUBITAK-1002\datasets\FASDD_RS\images\neitherFireNorSmoke_RS000649.tif,neither,train
E:\Projects-Seyed.Jasemi\Amir_Thesis\TUBITAK-1002\datasets\FASDD_RS\images\neitherFireNorSmoke_RS000650.tif,neither,val
E:\Projects-Seyed.Jasemi\Amir_Thesis\TUBITAK-1002\datasets\FASDD_RS\images\neitherFireNorSmoke_RS000651.tif,neither,train
E:\Projects-Seyed.Jasemi\Amir_Thesis\TUBITAK-1002\datasets\FASDD_RS\images\neitherFireNorSmoke_RS000652.tif,neither,train
E:\Projects-Seyed.Jasemi\Amir_Thesis\TUBITAK-1002\datasets\FASDD_RS\images\neitherFireNorSmoke_RS000653.tif,neither,train
E:\Projects-Seyed.Jasemi\Amir_Thesis\TUBITAK-1002\datasets\FASDD_RS\images\neitherFireNorSmoke_RS000654.tif,neither,train
E:\Projects-Seyed.Jasemi\Amir_Thesis\TUBITAK-1002\datasets\FASDD_RS\images\neitherFireNorSmoke_RS000655.tif,neither,val
E:\Projects-Seyed.Jasemi\Amir_Thesis\TUBITAK-1002\datasets\FASDD_RS\images\neitherFireNorSmoke_RS000656.tif,neither,val
E:\Projects-Seyed.Jasemi\Amir_Thesis\TUBITAK-1002\datasets\FASDD_RS\images\neitherFireNorSmoke_RS000657.tif,neither,test
E:\Projects-Seyed.Jasemi\Amir_Thesis\TUBITAK-1002\datasets\FASDD_RS\images\neitherFireNorSmoke_RS000658.tif,neither,train
E:\Projects-Seyed.Jasemi\Amir_Thesis\TUBITAK-1002\datasets\FASDD_RS\images\neitherFireNorSmoke_RS000659.tif,neither,train
E:\Projects-Seyed.Jasemi\Amir_Thesis\TUBITAK-1002\datasets\FASDD_RS\images\neitherFireNorSmoke_RS000660.tif,neither,train
E:\Projects-Seyed.Jasemi\Amir_Thesis\TUBITAK-1002\datasets\FASDD_RS\images\neitherFireNorSmoke_RS000661.tif,neither,train
E:\Projects-Seyed.Jasemi\Amir_Thesis\TUBITAK-1002\datasets\FASDD_RS\images\neitherFireNorSmoke_RS000662.tif,neither,test
E:\Projects-Seyed.Jasemi\Amir_Thesis\TUBITAK-1002\datasets\FASDD_RS\images\neitherFireNorSmoke_RS000663.tif,neither,val
E:\Projects-Seyed.Jasemi\Amir_Thesis\TUBITAK-1002\datasets\FASDD_RS\images\neitherFireNorSmoke_RS000664.tif,neither,val
E:\Projects-Seyed.Jasemi\Amir_Thesis\TUBITAK-1002\datasets\FASDD_RS\images\neitherFireNorSmoke_RS000665.tif,neither,test
E:\Projects-Seyed.Jasemi\Amir_Thesis\TUBITAK-1002\datasets\FASDD_RS\images\neitherFireNorSmoke_RS000666.tif,neither,train
E:\Projects-Seyed.Jasemi\Amir_Thesis\TUBITAK-1002\datasets\FASDD_RS\images\neitherFireNorSmoke_RS000667.tif,neither,test
E:\Projects-Seyed.Jasemi\Amir_Thesis\TUBITAK-1002\datasets\FASDD_RS\images\neitherFireNorSmoke_RS000668.tif,neither,train
E:\Projects-Seyed.Jasemi\Amir_Thesis\TUBITAK-1002\datasets\FASDD_RS\images\neitherFireNorSmoke_RS000669.tif,neither,val
E:\Projects-Seyed.Jasemi\Amir_Thesis\TUBITAK-1002\datasets\FASDD_RS\images\neitherFireNorSmoke_RS000670.tif,neither,train
E:\Projects-Seyed.Jasemi\Amir_Thesis\TUBITAK-1002\datasets\FASDD_RS\images\neitherFireNorSmoke_RS000671.tif,neither,train
E:\Projects-Seyed.Jasemi\Amir_Thesis\TUBITAK-1002\datasets\FASDD_RS\images\neitherFireNorSmoke_RS000672.tif,neither,val
E:\Projects-Seyed.Jasemi\Amir_Thesis\TUBITAK-1002\datasets\FASDD_RS\images\neitherFireNorSmoke_RS000673.tif,neither,val
E:\Projects-Seyed.Jasemi\Amir_Thesis\TUBITAK-1002\datasets\FASDD_RS\images\neitherFireNorSmoke_RS000674.tif,neither,train
E:\Projects-Seyed.Jasemi\Amir_Thesis\TUBITAK-1002\datasets\FASDD_RS\images\neitherFireNorSmoke_RS000675.tif,neither,test
E:\Projects-Seyed.Jasemi\Amir_Thesis\TUBITAK-1002\datasets\FASDD_RS\images\neitherFireNorSmoke_RS000676.tif,neither,train
E:\Projects-Seyed.Jasemi\Amir_Thesis\TUBITAK-1002\datasets\FASDD_RS\images\neitherFireNorSmoke_RS000677.tif,neither,train
E:\Projects-Seyed.Jasemi\Amir_Thesis\TUBITAK-1002\datasets\FASDD_RS\images\neitherFireNorSmoke_RS000678.tif,neither,val
E:\Projects-Seyed.Jasemi\Amir_Thesis\TUBITAK-1002\datasets\FASDD_RS\images\neitherFireNorSmoke_RS000679.tif,neither,test
E:\Projects-Seyed.Jasemi\Amir_Thesis\TUBITAK-1002\datasets\FASDD_RS\images\neitherFireNorSmoke_RS000680.tif,neither,test
E:\Projects-Seyed.Jasemi\Amir_Thesis\TUBITAK-1002\datasets\FASDD_RS\images\neitherFireNorSmoke_RS000681.tif,neither,val
E:\Projects-Seyed.Jasemi\Amir_Thesis\TUBITAK-1002\datasets\FASDD_RS\images\neitherFireNorSmoke_RS000682.tif,neither,train
E:\Projects-Seyed.Jasemi\Amir_Thesis\TUBITAK-1002\datasets\FASDD_RS\images\neitherFireNorSmoke_RS000683.tif,neither,val
E:\Projects-Seyed.Jasemi\Amir_Thesis\TUBITAK-1002\datasets\FASDD_RS\images\neitherFireNorSmoke_RS000684.tif,neither,val
E:\Projects-Seyed.Jasemi\Amir_Thesis\TUBITAK-1002\datasets\FASDD_RS\images\neitherFireNorSmoke_RS000685.tif,neither,train
E:\Projects-Seyed.Jasemi\Amir_Thesis\TUBITAK-1002\datasets\FASDD_RS\images\neitherFireNorSmoke_RS000686.tif,neither,test
E:\Projects-Seyed.Jasemi\Amir_Thesis\TUBITAK-1002\datasets\FASDD_RS\images\neitherFireNorSmoke_RS000687.tif,neither,train
E:\Projects-Seyed.Jasemi\Amir_Thesis\TUBITAK-1002\datasets\FASDD_RS\images\neitherFireNorSmoke_RS000688.tif,neither,val
E:\Projects-Seyed.Jasemi\Amir_Thesis\TUBITAK-1002\datasets\FASDD_RS\images\neitherFireNorSmoke_RS000689.tif,neither,val
E:\Projects-Seyed.Jasemi\Amir_Thesis\TUBITAK-1002\datasets\FASDD_RS\images\neitherFireNorSmoke_RS000690.tif,neither,test
E:\Projects-Seyed.Jasemi\Amir_Thesis\TUBITAK-1002\datasets\FASDD_RS\images\neitherFireNorSmoke_RS000691.tif,neither,val
E:\Projects-Seyed.Jasemi\Amir_Thesis\TUBITAK-1002\datasets\FASDD_RS\images\neitherFireNorSmoke_RS000692.tif,neither,train
E:\Projects-Seyed.Jasemi\Amir_Thesis\TUBITAK-1002\datasets\FASDD_RS\images\neitherFireNorSmoke_RS000693.tif,neither,test
E:\Projects-Seyed.Jasemi\Amir_Thesis\TUBITAK-1002\datasets\FASDD_RS\images\neitherFireNorSmoke_RS000694.tif,neither,val
E:\Projects-Seyed.Jasemi\Amir_Thesis\TUBITAK-1002\datasets\FASDD_RS\images\neitherFireNorSmoke_RS000695.tif,neither,train
E:\Projects-Seyed.Jasemi\Amir_Thesis\TUBITAK-1002\datasets\FASDD_RS\images\neitherFireNorSmoke_RS000696.tif,neither,train
E:\Projects-Seyed.Jasemi\Amir_Thesis\TUBITAK-1002\datasets\FASDD_RS\images\neitherFireNorSmoke_RS000697.tif,neither,train
E:\Projects-Seyed.Jasemi\Amir_Thesis\TUBITAK-1002\datasets\FASDD_RS\images\neitherFireNorSmoke_RS000698.tif,neither,train
E:\Projects-Seyed.Jasemi\Amir_Thesis\TUBITAK-1002\datasets\FASDD_RS\images\neitherFireNorSmoke_RS000699.tif,neither,train
E:\Projects-Seyed.Jasemi\Amir_Thesis\TUBITAK-1002\datasets\FASDD_RS\images\neitherFireNorSmoke_RS000700.tif,neither,train
E:\Projects-Seyed.Jasemi\Amir_Thesis\TUBITAK-1002\datasets\FASDD_RS\images\neitherFireNorSmoke_RS000701.tif,neither,val
E:\Projects-Seyed.Jasemi\Amir_Thesis\TUBITAK-1002\datasets\FASDD_RS\images\neitherFireNorSmoke_RS000702.tif,neither,test
E:\Projects-Seyed.Jasemi\Amir_Thesis\TUBITAK-1002\datasets\FASDD_RS\images\neitherFireNorSmoke_RS000703.tif,neither,val
E:\Projects-Seyed.Jasemi\Amir_Thesis\TUBITAK-1002\datasets\FASDD_RS\images\neitherFireNorSmoke_RS000704.tif,neither,train
E:\Projects-Seyed.Jasemi\Amir_Thesis\TUBITAK-1002\datasets\FASDD_RS\images\neitherFireNorSmoke_RS000705.tif,neither,val
E:\Projects-Seyed.Jasemi\Amir_Thesis\TUBITAK-1002\datasets\FASDD_RS\images\neitherFireNorSmoke_RS000706.tif,neither,val
E:\Projects-Seyed.Jasemi\Amir_Thesis\TUBITAK-1002\datasets\FASDD_RS\images\neitherFireNorSmoke_RS000707.tif,neither,train
E:\Projects-Seyed.Jasemi\Amir_Thesis\TUBITAK-1002\datasets\FASDD_RS\images\neitherFireNorSmoke_RS000708.tif,neither,val
E:\Projects-Seyed.Jasemi\Amir_Thesis\TUBITAK-1002\datasets\FASDD_RS\images\neitherFireNorSmoke_RS000709.tif,neither,train
E:\Projects-Seyed.Jasemi\Amir_Thesis\TUBITAK-1002\datasets\FASDD_RS\images\neitherFireNorSmoke_RS000710.tif,neither,val
E:\Projects-Seyed.Jasemi\Amir_Thesis\TUBITAK-1002\datasets\FASDD_RS\images\neitherFireNorSmoke_RS000711.tif,neither,train
E:\Projects-Seyed.Jasemi\Amir_Thesis\TUBITAK-1002\datasets\FASDD_RS\images\neitherFireNorSmoke_RS000712.tif,neither,test
E:\Projects-Seyed.Jasemi\Amir_Thesis\TUBITAK-1002\datasets\FASDD_RS\images\neitherFireNorSmoke_RS000713.tif,neither,val
E:\Projects-Seyed.Jasemi\Amir_Thesis\TUBITAK-1002\datasets\FASDD_RS\images\neitherFireNorSmoke_RS000714.tif,neither,train
E:\Projects-Seyed.Jasemi\Amir_Thesis\TUBITAK-1002\datasets\FASDD_RS\images\neitherFireNorSmoke_RS000715.tif,neither,val
E:\Projects-Seyed.Jasemi\Amir_Thesis\TUBITAK-1002\datasets\FASDD_RS\images\neitherFireNorSmoke_RS000716.tif,neither,train
E:\Projects-Seyed.Jasemi\Amir_Thesis\TUBITAK-1002\datasets\FASDD_RS\images\neitherFireNorSmoke_RS000717.tif,neither,train
E:\Projects-Seyed.Jasemi\Amir_Thesis\TUBITAK-1002\datasets\FASDD_RS\images\neitherFireNorSmoke_RS000718.tif,neither,val
E:\Projects-Seyed.Jasemi\Amir_Thesis\TUBITAK-1002\datasets\FASDD_RS\images\neitherFireNorSmoke_RS000719.tif,neither,test
E:\Projects-Seyed.Jasemi\Amir_Thesis\TUBITAK-1002\datasets\FASDD_RS\images\neitherFireNorSmoke_RS000720.tif,neither,test
E:\Projects-Seyed.Jasemi\Amir_Thesis\TUBITAK-1002\datasets\FASDD_RS\images\neitherFireNorSmoke_RS000721.tif,neither,train
E:\Projects-Seyed.Jasemi\Amir_Thesis\TUBITAK-1002\datasets\FASDD_RS\images\neitherFireNorSmoke_RS000722.tif,neither,train
E:\Projects-Seyed.Jasemi\Amir_Thesis\TUBITAK-1002\datasets\FASDD_RS\images\neitherFireNorSmoke_RS000723.tif,neither,val
E:\Projects-Seyed.Jasemi\Amir_Thesis\TUBITAK-1002\datasets\FASDD_RS\images\neitherFireNorSmoke_RS000724.tif,neither,val
E:\Projects-Seyed.Jasemi\Amir_Thesis\TUBITAK-1002\datasets\FASDD_RS\images\neitherFireNorSmoke_RS000725.tif,neither,train
E:\Projects-Seyed.Jasemi\Amir_Thesis\TUBITAK-1002\datasets\FASDD_RS\images\neitherFireNorSmoke_RS000726.tif,neither,train
E:\Projects-Seyed.Jasemi\Amir_Thesis\TUBITAK-1002\datasets\FASDD_RS\images\neitherFireNorSmoke_RS000727.tif,neither,train
E:\Projects-Seyed.Jasemi\Amir_Thesis\TUBITAK-1002\datasets\FASDD_RS\images\neitherFireNorSmoke_RS000728.tif,neither,test
E:\Projects-Seyed.Jasemi\Amir_Thesis\TUBITAK-1002\datasets\FASDD_RS\images\neitherFireNorSmoke_RS000729.tif,neither,val
E:\Projects-Seyed.Jasemi\Amir_Thesis\TUBITAK-1002\datasets\FASDD_RS\images\neitherFireNorSmoke_RS000730.tif,neither,val
E:\Projects-Seyed.Jasemi\Amir_Thesis\TUBITAK-1002\datasets\FASDD_RS\images\neitherFireNorSmoke_RS000731.tif,neither,val
E:\Projects-Seyed.Jasemi\Amir_Thesis\TUBITAK-1002\datasets\FASDD_RS\images\neitherFireNorSmoke_RS000732.tif,neither,val
E:\Projects-Seyed.Jasemi\Amir_Thesis\TUBITAK-1002\datasets\FASDD_RS\images\neitherFireNorSmoke_RS000733.tif,neither,train
E:\Projects-Seyed.Jasemi\Amir_Thesis\TUBITAK-1002\datasets\FASDD_RS\images\neitherFireNorSmoke_RS000734.tif,neither,val
E:\Projects-Seyed.Jasemi\Amir_Thesis\TUBITAK-1002\datasets\FASDD_RS\images\neitherFireNorSmoke_RS000735.tif,neither,val
E:\Projects-Seyed.Jasemi\Amir_Thesis\TUBITAK-1002\datasets\FASDD_RS\images\neitherFireNorSmoke_RS000736.tif,neither,train
E:\Projects-Seyed.Jasemi\Amir_Thesis\TUBITAK-1002\datasets\FASDD_RS\images\neitherFireNorSmoke_RS000737.tif,neither,val
E:\Projects-Seyed.Jasemi\Amir_Thesis\TUBITAK-1002\datasets\FASDD_RS\images\neitherFireNorSmoke_RS000738.tif,neither,test
E:\Projects-Seyed.Jasemi\Amir_Thesis\TUBITAK-1002\datasets\FASDD_RS\images\neitherFireNorSmoke_RS000739.tif,neither,val
E:\Projects-Seyed.Jasemi\Amir_Thesis\TUBITAK-1002\datasets\FASDD_RS\images\neitherFireNorSmoke_RS000740.tif,neither,val
E:\Projects-Seyed.Jasemi\Amir_Thesis\TUBITAK-1002\datasets\FASDD_RS\images\neitherFireNorSmoke_RS000741.tif,neither,test
E:\Projects-Seyed.Jasemi\Amir_Thesis\TUBITAK-1002\datasets\FASDD_RS\images\neitherFireNorSmoke_RS000742.tif,neither,val
E:\Projects-Seyed.Jasemi\Amir_Thesis\TUBITAK-1002\datasets\FASDD_RS\images\neitherFireNorSmoke_RS000743.tif,neither,test
E:\Projects-Seyed.Jasemi\Amir_Thesis\TUBITAK-1002\datasets\FASDD_RS\images\neitherFireNorSmoke_RS000744.tif,neither,train
E:\Projects-Seyed.Jasemi\Amir_Thesis\TUBITAK-1002\datasets\FASDD_RS\images\neitherFireNorSmoke_RS000745.tif,neither,val
E:\Projects-Seyed.Jasemi\Amir_Thesis\TUBITAK-1002\datasets\FASDD_RS\images\neitherFireNorSmoke_RS000746.tif,neither,test
E:\Projects-Seyed.Jasemi\Amir_Thesis\TUBITAK-1002\datasets\FASDD_RS\images\neitherFireNorSmoke_RS000747.tif,neither,train
E:\Projects-Seyed.Jasemi\Amir_Thesis\TUBITAK-1002\datasets\FASDD_RS\images\neitherFireNorSmoke_RS000748.tif,neither,train
E:\Projects-Seyed.Jasemi\Amir_Thesis\TUBITAK-1002\datasets\FASDD_RS\images\neitherFireNorSmoke_RS000749.tif,neither,train
E:\Projects-Seyed.Jasemi\Amir_Thesis\TUBITAK-1002\datasets\FASDD_RS\images\neitherFireNorSmoke_RS000750.tif,neither,test
E:\Projects-Seyed.Jasemi\Amir_Thesis\TUBITAK-1002\datasets\FASDD_RS\images\neitherFireNorSmoke_RS000751.tif,neither,train
E:\Projects-Seyed.Jasemi\Amir_Thesis\TUBITAK-1002\datasets\FASDD_RS\images\neitherFireNorSmoke_RS000752.tif,neither,train
E:\Projects-Seyed.Jasemi\Amir_Thesis\TUBITAK-1002\datasets\FASDD_RS\images\neitherFireNorSmoke_RS000753.tif,neither,train
E:\Projects-Seyed.Jasemi\Amir_Thesis\TUBITAK-1002\datasets\FASDD_RS\images\neitherFireNorSmoke_RS000754.tif,neither,val
E:\Projects-Seyed.Jasemi\Amir_Thesis\TUBITAK-1002\datasets\FASDD_RS\images\neitherFireNorSmoke_RS000755.tif,neither,test
E:\Projects-Seyed.Jasemi\Amir_Thesis\TUBITAK-1002\datasets\FASDD_RS\images\neitherFireNorSmoke_RS000756.tif,neither,train
E:\Projects-Seyed.Jasemi\Amir_Thesis\TUBITAK-1002\datasets\FASDD_RS\images\neitherFireNorSmoke_RS000757.tif,neither,train
E:\Projects-Seyed.Jasemi\Amir_Thesis\TUBITAK-1002\datasets\FASDD_RS\images\neitherFireNorSmoke_RS000758.tif,neither,test
E:\Projects-Seyed.Jasemi\Amir_Thesis\TUBITAK-1002\datasets\FASDD_RS\images\neitherFireNorSmoke_RS000759.tif,neither,train
E:\Projects-Seyed.Jasemi\Amir_Thesis\TUBITAK-1002\datasets\FASDD_RS\images\neitherFireNorSmoke_RS000760.tif,neither,test
E:\Projects-Seyed.Jasemi\Amir_Thesis\TUBITAK-1002\datasets\FASDD_RS\images\neitherFireNorSmoke_RS000761.tif,neither,test
E:\Projects-Seyed.Jasemi\Amir_Thesis\TUBITAK-1002\datasets\FASDD_RS\images\neitherFireNorSmoke_RS000762.tif,neither,train
E:\Projects-Seyed.Jasemi\Amir_Thesis\TUBITAK-1002\datasets\FASDD_RS\images\neitherFireNorSmoke_RS000763.tif,neither,train
E:\Projects-Seyed.Jasemi\Amir_Thesis\TUBITAK-1002\datasets\FASDD_RS\images\neitherFireNorSmoke_RS000764.tif,neither,val
E:\Projects-Seyed.Jasemi\Amir_Thesis\TUBITAK-1002\datasets\FASDD_RS\images\neitherFireNorSmoke_RS000765.tif,neither,train
E:\Projects-Seyed.Jasemi\Amir_Thesis\TUBITAK-1002\datasets\FASDD_RS\images\neitherFireNorSmoke_RS000766.tif,neither,val
E:\Projects-Seyed.Jasemi\Amir_Thesis\TUBITAK-1002\datasets\FASDD_RS\images\neitherFireNorSmoke_RS000767.tif,neither,train
E:\Projects-Seyed.Jasemi\Amir_Thesis\TUBITAK-1002\datasets\FASDD_RS\images\neitherFireNorSmoke_RS000768.tif,neither,train
E:\Projects-Seyed.Jasemi\Amir_Thesis\TUBITAK-1002\datasets\FASDD_RS\images\neitherFireNorSmoke_RS000769.tif,neither,val
E:\Projects-Seyed.Jasemi\Amir_Thesis\TUBITAK-1002\datasets\FASDD_RS\images\neitherFireNorSmoke_RS000770.tif,neither,train
E:\Projects-Seyed.Jasemi\Amir_Thesis\TUBITAK-1002\datasets\FASDD_RS\images\neitherFireNorSmoke_RS000771.tif,neither,train
E:\Projects-Seyed.Jasemi\Amir_Thesis\TUBITAK-1002\datasets\FASDD_RS\images\neitherFireNorSmoke_RS000772.tif,neither,train
E:\Projects-Seyed.Jasemi\Amir_Thesis\TUBITAK-1002\datasets\FASDD_RS\images\neitherFireNorSmoke_RS000773.tif,neither,train
E:\Projects-Seyed.Jasemi\Amir_Thesis\TUBITAK-1002\datasets\FASDD_RS\images\neitherFireNorSmoke_RS000774.tif,neither,train
E:\Projects-Seyed.Jasemi\Amir_Thesis\TUBITAK-1002\datasets\FASDD_RS\images\neitherFireNorSmoke_RS000775.tif,neither,train
E:\Projects-Seyed.Jasemi\Amir_Thesis\TUBITAK-1002\datasets\FASDD_RS\images\neitherFireNorSmoke_RS000776.tif,neither,val
E:\Projects-Seyed.Jasemi\Amir_Thesis\TUBITAK-1002\datasets\FASDD_RS\images\neitherFireNorSmoke_RS000777.tif,neither,train
E:\Projects-Seyed.Jasemi\Amir_Thesis\TUBITAK-1002\datasets\FASDD_RS\images\neitherFireNorSmoke_RS000778.tif,neither,train
E:\Projects-Seyed.Jasemi\Amir_Thesis\TUBITAK-1002\datasets\FASDD_RS\images\neitherFireNorSmoke_RS000779.tif,neither,test
E:\Projects-Seyed.Jasemi\Amir_Thesis\TUBITAK-1002\datasets\FASDD_RS\images\neitherFireNorSmoke_RS000780.tif,neither,test
E:\Projects-Seyed.Jasemi\Amir_Thesis\TUBITAK-1002\datasets\FASDD_RS\images\neitherFireNorSmoke_RS000781.tif,neither,val
E:\Projects-Seyed.Jasemi\Amir_Thesis\TUBITAK-1002\datasets\FASDD_RS\images\neitherFireNorSmoke_RS000782.tif,neither,test
E:\Projects-Seyed.Jasemi\Amir_Thesis\TUBITAK-1002\datasets\FASDD_RS\images\neitherFireNorSmoke_RS000783.tif,neither,train
E:\Projects-Seyed.Jasemi\Amir_Thesis\TUBITAK-1002\datasets\FASDD_RS\images\neitherFireNorSmoke_RS000784.tif,neither,val
E:\Projects-Seyed.Jasemi\Amir_Thesis\TUBITAK-1002\datasets\FASDD_RS\images\neitherFireNorSmoke_RS000785.tif,neither,test
E:\Projects-Seyed.Jasemi\Amir_Thesis\TUBITAK-1002\datasets\FASDD_RS\images\neitherFireNorSmoke_RS000786.tif,neither,train
E:\Projects-Seyed.Jasemi\Amir_Thesis\TUBITAK-1002\datasets\FASDD_RS\images\neitherFireNorSmoke_RS000787.tif,neither,train
E:\Projects-Seyed.Jasemi\Amir_Thesis\TUBITAK-1002\datasets\FASDD_RS\images\neitherFireNorSmoke_RS000788.tif,neither,train
E:\Projects-Seyed.Jasemi\Amir_Thesis\TUBITAK-1002\datasets\FASDD_RS\images\neitherFireNorSmoke_RS000789.tif,neither,val
E:\Projects-Seyed.Jasemi\Amir_Thesis\TUBITAK-1002\datasets\FASDD_RS\images\neitherFireNorSmoke_RS000790.tif,neither,train
E:\Projects-Seyed.Jasemi\Amir_Thesis\TUBITAK-1002\datasets\FASDD_RS\images\neitherFireNorSmoke_RS000791.tif,neither,test
E:\Projects-Seyed.Jasemi\Amir_Thesis\TUBITAK-1002\datasets\FASDD_RS\images\neitherFireNorSmoke_RS000792.tif,neither,train
E:\Projects-Seyed.Jasemi\Amir_Thesis\TUBITAK-1002\datasets\FASDD_RS\images\neitherFireNorSmoke_RS000793.tif,neither,train
E:\Projects-Seyed.Jasemi\Amir_Thesis\TUBITAK-1002\datasets\FASDD_RS\images\neitherFireNorSmoke_RS000794.tif,neither,train
E:\Projects-Seyed.Jasemi\Amir_Thesis\TUBITAK-1002\datasets\FASDD_RS\images\neitherFireNorSmoke_RS000795.tif,neither,val
E:\Projects-Seyed.Jasemi\Amir_Thesis\TUBITAK-1002\datasets\FASDD_RS\images\neitherFireNorSmoke_RS000796.tif,neither,train
E:\Projects-Seyed.Jasemi\Amir_Thesis\TUBITAK-1002\datasets\FASDD_RS\images\neitherFireNorSmoke_RS000797.tif,neither,val
E:\Projects-Seyed.Jasemi\Amir_Thesis\TUBITAK-1002\datasets\FASDD_RS\images\neitherFireNorSmoke_RS000798.tif,neither,train
E:\Projects-Seyed.Jasemi\Amir_Thesis\TUBITAK-1002\datasets\FASDD_RS\images\neitherFireNorSmoke_RS000799.tif,neither,train
E:\Projects-Seyed.Jasemi\Amir_Thesis\TUBITAK-1002\datasets\FASDD_RS\images\neitherFireNorSmoke_RS000800.tif,neither,train
E:\Projects-Seyed.Jasemi\Amir_Thesis\TUBITAK-1002\datasets\FASDD_RS\images\neitherFireNorSmoke_RS000801.tif,neither,train
E:\Projects-Seyed.Jasemi\Amir_Thesis\TUBITAK-1002\datasets\FASDD_RS\images\neitherFireNorSmoke_RS000802.tif,neither,test
E:\Projects-Seyed.Jasemi\Amir_Thesis\TUBITAK-1002\datasets\FASDD_RS\images\neitherFireNorSmoke_RS000803.tif,neither,train
E:\Projects-Seyed.Jasemi\Amir_Thesis\TUBITAK-1002\datasets\FASDD_RS\images\neitherFireNorSmoke_RS000804.tif,neither,val
E:\Projects-Seyed.Jasemi\Amir_Thesis\TUBITAK-1002\datasets\FASDD_RS\images\neitherFireNorSmoke_RS000805.tif,neither,val
E:\Projects-Seyed.Jasemi\Amir_Thesis\TUBITAK-1002\datasets\FASDD_RS\images\neitherFireNorSmoke_RS000806.tif,neither,train
E:\Projects-Seyed.Jasemi\Amir_Thesis\TUBITAK-1002\datasets\FASDD_RS\images\neitherFireNorSmoke_RS000807.tif,neither,test
E:\Projects-Seyed.Jasemi\Amir_Thesis\TUBITAK-1002\datasets\FASDD_RS\images\neitherFireNorSmoke_RS000808.tif,neither,train
E:\Projects-Seyed.Jasemi\Amir_Thesis\TUBITAK-1002\datasets\FASDD_RS\images\neitherFireNorSmoke_RS000809.tif,neither,val
E:\Projects-Seyed.Jasemi\Amir_Thesis\TUBITAK-1002\datasets\FASDD_RS\images\neitherFireNorSmoke_RS000810.tif,neither,train
E:\Projects-Seyed.Jasemi\Amir_Thesis\TUBITAK-1002\datasets\FASDD_RS\images\neitherFireNorSmoke_RS000811.tif,neither,train
E:\Projects-Seyed.Jasemi\Amir_Thesis\TUBITAK-1002\datasets\FASDD_RS\images\neitherFireNorSmoke_RS000812.tif,neither,train
E:\Projects-Seyed.Jasemi\Amir_Thesis\TUBITAK-1002\datasets\FASDD_RS\images\neitherFireNorSmoke_RS000813.tif,neither,train
E:\Projects-Seyed.Jasemi\Amir_Thesis\TUBITAK-1002\datasets\FASDD_RS\images\neitherFireNorSmoke_RS000814.tif,neither,val
E:\Projects-Seyed.Jasemi\Amir_Thesis\TUBITAK-1002\datasets\FASDD_RS\images\neitherFireNorSmoke_RS000815.tif,neither,val
E:\Projects-Seyed.Jasemi\Amir_Thesis\TUBITAK-1002\datasets\FASDD_RS\images\neitherFireNorSmoke_RS000816.tif,neither,val
E:\Projects-Seyed.Jasemi\Amir_Thesis\TUBITAK-1002\datasets\FASDD_RS\images\neitherFireNorSmoke_RS000817.tif,neither,train
E:\Projects-Seyed.Jasemi\Amir_Thesis\TUBITAK-1002\datasets\FASDD_RS\images\neitherFireNorSmoke_RS000818.tif,neither,val
E:\Projects-Seyed.Jasemi\Amir_Thesis\TUBITAK-1002\datasets\FASDD_RS\images\neitherFireNorSmoke_RS000819.tif,neither,train
E:\Projects-Seyed.Jasemi\Amir_Thesis\TUBITAK-1002\datasets\FASDD_RS\images\neitherFireNorSmoke_RS000820.tif,neither,val
E:\Projects-Seyed.Jasemi\Amir_Thesis\TUBITAK-1002\datasets\FASDD_RS\images\neitherFireNorSmoke_RS000821.tif,neither,test
E:\Projects-Seyed.Jasemi\Amir_Thesis\TUBITAK-1002\datasets\FASDD_RS\images\neitherFireNorSmoke_RS000822.tif,neither,val
E:\Projects-Seyed.Jasemi\Amir_Thesis\TUBITAK-1002\datasets\FASDD_RS\images\neitherFireNorSmoke_RS000823.tif,neither,val
E:\Projects-Seyed.Jasemi\Amir_Thesis\TUBITAK-1002\datasets\FASDD_RS\images\neitherFireNorSmoke_RS000824.tif,neither,train
E:\Projects-Seyed.Jasemi\Amir_Thesis\TUBITAK-1002\datasets\FASDD_RS\images\neitherFireNorSmoke_RS000825.tif,neither,val
E:\Projects-Seyed.Jasemi\Amir_Thesis\TUBITAK-1002\datasets\FASDD_RS\images\neitherFireNorSmoke_RS000826.tif,neither,train
E:\Projects-Seyed.Jasemi\Amir_Thesis\TUBITAK-1002\datasets\FASDD_RS\images\neitherFireNorSmoke_RS000827.tif,neither,val
E:\Projects-Seyed.Jasemi\Amir_Thesis\TUBITAK-1002\datasets\FASDD_RS\images\neitherFireNorSmoke_RS000828.tif,neither,test
E:\Projects-Seyed.Jasemi\Amir_Thesis\TUBITAK-1002\datasets\FASDD_RS\images\neitherFireNorSmoke_RS000829.tif,neither,val
E:\Projects-Seyed.Jasemi\Amir_Thesis\TUBITAK-1002\datasets\FASDD_RS\images\neitherFireNorSmoke_RS000830.tif,neither,train
E:\Projects-Seyed.Jasemi\Amir_Thesis\TUBITAK-1002\datasets\FASDD_RS\images\neitherFireNorSmoke_RS000831.tif,neither,train
E:\Projects-Seyed.Jasemi\Amir_Thesis\TUBITAK-1002\datasets\FASDD_RS\images\neitherFireNorSmoke_RS000832.tif,neither,train
E:\Projects-Seyed.Jasemi\Amir_Thesis\TUBITAK-1002\datasets\FASDD_RS\images\neitherFireNorSmoke_RS000833.tif,neither,train
E:\Projects-Seyed.Jasemi\Amir_Thesis\TUBITAK-1002\datasets\FASDD_RS\images\neitherFireNorSmoke_RS000834.tif,neither,train
E:\Projects-Seyed.Jasemi\Amir_Thesis\TUBITAK-1002\datasets\FASDD_RS\images\neitherFireNorSmoke_RS000835.tif,neither,train
E:\Projects-Seyed.Jasemi\Amir_Thesis\TUBITAK-1002\datasets\FASDD_RS\images\neitherFireNorSmoke_RS000836.tif,neither,train
E:\Projects-Seyed.Jasemi\Amir_Thesis\TUBITAK-1002\datasets\FASDD_RS\images\neitherFireNorSmoke_RS000837.tif,neither,train
E:\Projects-Seyed.Jasemi\Amir_Thesis\TUBITAK-1002\datasets\FASDD_RS\images\neitherFireNorSmoke_RS000838.tif,neither,val
E:\Projects-Seyed.Jasemi\Amir_Thesis\TUBITAK-1002\datasets\FASDD_RS\images\neitherFireNorSmoke_RS000839.tif,neither,train
E:\Projects-Seyed.Jasemi\Amir_Thesis\TUBITAK-1002\datasets\FASDD_RS\images\neitherFireNorSmoke_RS000840.tif,neither,val
E:\Projects-Seyed.Jasemi\Amir_Thesis\TUBITAK-1002\datasets\FASDD_RS\images\neitherFireNorSmoke_RS000841.tif,neither,train
E:\Projects-Seyed.Jasemi\Amir_Thesis\TUBITAK-1002\datasets\FASDD_RS\images\neitherFireNorSmoke_RS000842.tif,neither,train
E:\Projects-Seyed.Jasemi\Amir_Thesis\TUBITAK-1002\datasets\FASDD_RS\images\neitherFireNorSmoke_RS000843.tif,neither,test
E:\Projects-Seyed.Jasemi\Amir_Thesis\TUBITAK-1002\datasets\FASDD_RS\images\neitherFireNorSmoke_RS000844.tif,neither,train
E:\Projects-Seyed.Jasemi\Amir_Thesis\TUBITAK-1002\datasets\FASDD_RS\images\neitherFireNorSmoke_RS000845.tif,neither,train
E:\Projects-Seyed.Jasemi\Amir_Thesis\TUBITAK-1002\datasets\FASDD_RS\images\neitherFireNorSmoke_RS000846.tif,neither,train
E:\Projects-Seyed.Jasemi\Amir_Thesis\TUBITAK-1002\datasets\FASDD_RS\images\neitherFireNorSmoke_RS000847.tif,neither,train
E:\Projects-Seyed.Jasemi\Amir_Thesis\TUBITAK-1002\datasets\FASDD_RS\images\neitherFireNorSmoke_RS000848.tif,neither,train
E:\Projects-Seyed.Jasemi\Amir_Thesis\TUBITAK-1002\datasets\FASDD_RS\images\neitherFireNorSmoke_RS000849.tif,neither,train
E:\Projects-Seyed.Jasemi\Amir_Thesis\TUBITAK-1002\datasets\FASDD_RS\images\neitherFireNorSmoke_RS000850.tif,neither,train
E:\Projects-Seyed.Jasemi\Amir_Thesis\TUBITAK-1002\datasets\FASDD_RS\images\neitherFireNorSmoke_RS000851.tif,neither,test
E:\Projects-Seyed.Jasemi\Amir_Thesis\TUBITAK-1002\datasets\FASDD_RS\images\neitherFireNorSmoke_RS000852.tif,neither,val
E:\Projects-Seyed.Jasemi\Amir_Thesis\TUBITAK-1002\datasets\FASDD_RS\images\neitherFireNorSmoke_RS000853.tif,neither,val
E:\Projects-Seyed.Jasemi\Amir_Thesis\TUBITAK-1002\datasets\FASDD_RS\images\neitherFireNorSmoke_RS000854.tif,neither,train
E:\Projects-Seyed.Jasemi\Amir_Thesis\TUBITAK-1002\datasets\FASDD_RS\images\neitherFireNorSmoke_RS000855.tif,neither,test
E:\Projects-Seyed.Jasemi\Amir_Thesis\TUBITAK-1002\datasets\FASDD_RS\images\neitherFireNorSmoke_RS000856.tif,neither,train
E:\Projects-Seyed.Jasemi\Amir_Thesis\TUBITAK-1002\datasets\FASDD_RS\images\neitherFireNorSmoke_RS000857.tif,neither,train
E:\Projects-Seyed.Jasemi\Amir_Thesis\TUBITAK-1002\datasets\FASDD_RS\images\neitherFireNorSmoke_RS000858.tif,neither,test
E:\Projects-Seyed.Jasemi\Amir_Thesis\TUBITAK-1002\datasets\FASDD_RS\images\neitherFireNorSmoke_RS000859.tif,neither,val
E:\Projects-Seyed.Jasemi\Amir_Thesis\TUBITAK-1002\datasets\FASDD_RS\images\neitherFireNorSmoke_RS000860.tif,neither,val
E:\Projects-Seyed.Jasemi\Amir_Thesis\TUBITAK-1002\datasets\FASDD_RS\images\neitherFireNorSmoke_RS000861.tif,neither,train
E:\Projects-Seyed.Jasemi\Amir_Thesis\TUBITAK-1002\datasets\FASDD_RS\images\neitherFireNorSmoke_RS000862.tif,neither,train
E:\Projects-Seyed.Jasemi\Amir_Thesis\TUBITAK-1002\datasets\FASDD_RS\images\neitherFireNorSmoke_RS000863.tif,neither,train
E:\Projects-Seyed.Jasemi\Amir_Thesis\TUBITAK-1002\datasets\FASDD_RS\images\neitherFireNorSmoke_RS000864.tif,neither,train
E:\Projects-Seyed.Jasemi\Amir_Thesis\TUBITAK-1002\datasets\FASDD_RS\images\neitherFireNorSmoke_RS000865.tif,neither,train
E:\Projects-Seyed.Jasemi\Amir_Thesis\TUBITAK-1002\datasets\FASDD_RS\images\neitherFireNorSmoke_RS000866.tif,neither,val
E:\Projects-Seyed.Jasemi\Amir_Thesis\TUBITAK-1002\datasets\FASDD_RS\images\neitherFireNorSmoke_RS000867.tif,neither,test
E:\Projects-Seyed.Jasemi\Amir_Thesis\TUBITAK-1002\datasets\FASDD_RS\images\neitherFireNorSmoke_RS000868.tif,neither,val
E:\Projects-Seyed.Jasemi\Amir_Thesis\TUBITAK-1002\datasets\FASDD_RS\images\neitherFireNorSmoke_RS000869.tif,neither,test
E:\Projects-Seyed.Jasemi\Amir_Thesis\TUBITAK-1002\datasets\FASDD_RS\images\neitherFireNorSmoke_RS000870.tif,neither,train
E:\Projects-Seyed.Jasemi\Amir_Thesis\TUBITAK-1002\datasets\FASDD_RS\images\neitherFireNorSmoke_RS000871.tif,neither,train
E:\Projects-Seyed.Jasemi\Amir_Thesis\TUBITAK-1002\datasets\FASDD_RS\images\neitherFireNorSmoke_RS000872.tif,neither,val
E:\Projects-Seyed.Jasemi\Amir_Thesis\TUBITAK-1002\datasets\FASDD_RS\images\neitherFireNorSmoke_RS000873.tif,neither,train
E:\Projects-Seyed.Jasemi\Amir_Thesis\TUBITAK-1002\datasets\FASDD_RS\images\neitherFireNorSmoke_RS000874.tif,neither,val
E:\Projects-Seyed.Jasemi\Amir_Thesis\TUBITAK-1002\datasets\FASDD_RS\images\neitherFireNorSmoke_RS000875.tif,neither,train
E:\Projects-Seyed.Jasemi\Amir_Thesis\TUBITAK-1002\datasets\FASDD_RS\images\neitherFireNorSmoke_RS000876.tif,neither,train
E:\Projects-Seyed.Jasemi\Amir_Thesis\TUBITAK-1002\datasets\FASDD_RS\images\neitherFireNorSmoke_RS000877.tif,neither,train
E:\Projects-Seyed.Jasemi\Amir_Thesis\TUBITAK-1002\datasets\FASDD_RS\images\neitherFireNorSmoke_RS000878.tif,neither,test
E:\Projects-Seyed.Jasemi\Amir_Thesis\TUBITAK-1002\datasets\FASDD_RS\images\neitherFireNorSmoke_RS000879.tif,neither,test
E:\Projects-Seyed.Jasemi\Amir_Thesis\TUBITAK-1002\datasets\FASDD_RS\images\neitherFireNorSmoke_RS000880.tif,neither,train
E:\Projects-Seyed.Jasemi\Amir_Thesis\TUBITAK-1002\datasets\FASDD_RS\images\neitherFireNorSmoke_RS000881.tif,neither,val
E:\Projects-Seyed.Jasemi\Amir_Thesis\TUBITAK-1002\datasets\FASDD_RS\images\neitherFireNorSmoke_RS000882.tif,neither,train
E:\Projects-Seyed.Jasemi\Amir_Thesis\TUBITAK-1002\datasets\FASDD_RS\images\neitherFireNorSmoke_RS000883.tif,neither,test
E:\Projects-Seyed.Jasemi\Amir_Thesis\TUBITAK-1002\datasets\FASDD_RS\images\neitherFireNorSmoke_RS000884.tif,neither,test
E:\Projects-Seyed.Jasemi\Amir_Thesis\TUBITAK-1002\datasets\FASDD_RS\images\neitherFireNorSmoke_RS000885.tif,neither,val
E:\Projects-Seyed.Jasemi\Amir_Thesis\TUBITAK-1002\datasets\FASDD_RS\images\neitherFireNorSmoke_RS000886.tif,neither,train
E:\Projects-Seyed.Jasemi\Amir_Thesis\TUBITAK-1002\datasets\FASDD_RS\images\neitherFireNorSmoke_RS000887.tif,neither,train
E:\Projects-Seyed.Jasemi\Amir_Thesis\TUBITAK-1002\datasets\FASDD_RS\images\smoke_RS000000.tif,both,train
E:\Projects-Seyed.Jasemi\Amir_Thesis\TUBITAK-1002\datasets\FASDD_RS\images\smoke_RS000001.tif,both,train
E:\Projects-Seyed.Jasemi\Amir_Thesis\TUBITAK-1002\datasets\FASDD_RS\images\smoke_RS000002.tif,both,train
E:\Projects-Seyed.Jasemi\Amir_Thesis\TUBITAK-1002\datasets\FASDD_RS\images\smoke_RS000003.tif,both,test
E:\Projects-Seyed.Jasemi\Amir_Thesis\TUBITAK-1002\datasets\FASDD_RS\images\smoke_RS000004.tif,both,test
E:\Projects-Seyed.Jasemi\Amir_Thesis\TUBITAK-1002\datasets\FASDD_RS\images\smoke_RS000005.tif,both,train
E:\Projects-Seyed.Jasemi\Amir_Thesis\TUBITAK-1002\datasets\FASDD_RS\images\smoke_RS000006.tif,both,train
E:\Projects-Seyed.Jasemi\Amir_Thesis\TUBITAK-1002\datasets\FASDD_RS\images\smoke_RS000007.tif,both,val
E:\Projects-Seyed.Jasemi\Amir_Thesis\TUBITAK-1002\datasets\FASDD_RS\images\smoke_RS000008.tif,both,train
E:\Projects-Seyed.Jasemi\Amir_Thesis\TUBITAK-1002\datasets\FASDD_RS\images\smoke_RS000009.tif,smoke,train
E:\Projects-Seyed.Jasemi\Amir_Thesis\TUBITAK-1002\datasets\FASDD_RS\images\smoke_RS000010.tif,smoke,val
E:\Projects-Seyed.Jasemi\Amir_Thesis\TUBITAK-1002\datasets\FASDD_RS\images\smoke_RS000011.tif,both,test
E:\Projects-Seyed.Jasemi\Amir_Thesis\TUBITAK-1002\datasets\FASDD_RS\images\smoke_RS000012.tif,both,train
E:\Projects-Seyed.Jasemi\Amir_Thesis\TUBITAK-1002\datasets\FASDD_RS\images\smoke_RS000013.tif,both,val
E:\Projects-Seyed.Jasemi\Amir_Thesis\TUBITAK-1002\datasets\FASDD_RS\images\smoke_RS000014.tif,both,train
E:\Projects-Seyed.Jasemi\Amir_Thesis\TUBITAK-1002\datasets\FASDD_RS\images\smoke_RS000015.tif,both,train
E:\Projects-Seyed.Jasemi\Amir_Thesis\TUBITAK-1002\datasets\FASDD_RS\images\smoke_RS000016.tif,both,train
E:\Projects-Seyed.Jasemi\Amir_Thesis\TUBITAK-1002\datasets\FASDD_RS\images\smoke_RS000017.tif,both,test
E:\Projects-Seyed.Jasemi\Amir_Thesis\TUBITAK-1002\datasets\FASDD_RS\images\smoke_RS000018.tif,both,test
E:\Projects-Seyed.Jasemi\Amir_Thesis\TUBITAK-1002\datasets\FASDD_RS\images\smoke_RS000019.tif,both,val
E:\Projects-Seyed.Jasemi\Amir_Thesis\TUBITAK-1002\datasets\FASDD_RS\images\smoke_RS000020.tif,both,val
E:\Projects-Seyed.Jasemi\Amir_Thesis\TUBITAK-1002\datasets\FASDD_RS\images\smoke_RS000021.tif,both,val
E:\Projects-Seyed.Jasemi\Amir_Thesis\TUBITAK-1002\datasets\FASDD_RS\images\smoke_RS000022.tif,both,val
E:\Projects-Seyed.Jasemi\Amir_Thesis\TUBITAK-1002\datasets\FASDD_RS\images\smoke_RS000023.tif,both,train
E:\Projects-Seyed.Jasemi\Amir_Thesis\TUBITAK-1002\datasets\FASDD_RS\images\smoke_RS000024.tif,both,val
E:\Projects-Seyed.Jasemi\Amir_Thesis\TUBITAK-1002\datasets\FASDD_RS\images\smoke_RS000025.tif,smoke,test
E:\Projects-Seyed.Jasemi\Amir_Thesis\TUBITAK-1002\datasets\FASDD_RS\images\smoke_RS000026.tif,both,train
E:\Projects-Seyed.Jasemi\Amir_Thesis\TUBITAK-1002\datasets\FASDD_RS\images\smoke_RS000027.tif,both,val
E:\Projects-Seyed.Jasemi\Amir_Thesis\TUBITAK-1002\datasets\FASDD_RS\images\smoke_RS000028.tif,both,train
E:\Projects-Seyed.Jasemi\Amir_Thesis\TUBITAK-1002\datasets\FASDD_RS\images\smoke_RS000029.tif,both,test
E:\Projects-Seyed.Jasemi\Amir_Thesis\TUBITAK-1002\datasets\FASDD_RS\images\smoke_RS000030.tif,both,train
E:\Projects-Seyed.Jasemi\Amir_Thesis\TUBITAK-1002\datasets\FASDD_RS\images\smoke_RS000031.tif,both,val
E:\Projects-Seyed.Jasemi\Amir_Thesis\TUBITAK-1002\datasets\FASDD_RS\images\smoke_RS000032.tif,both,val
E:\Projects-Seyed.Jasemi\Amir_Thesis\TUBITAK-1002\datasets\FASDD_RS\images\smoke_RS000033.tif,smoke,train
E:\Projects-Seyed.Jasemi\Amir_Thesis\TUBITAK-1002\datasets\FASDD_RS\images\smoke_RS000034.tif,both,test
E:\Projects-Seyed.Jasemi\Amir_Thesis\TUBITAK-1002\datasets\FASDD_RS\images\smoke_RS000035.tif,both,val
E:\Projects-Seyed.Jasemi\Amir_Thesis\TUBITAK-1002\datasets\FASDD_RS\images\smoke_RS000036.tif,both,test
E:\Projects-Seyed.Jasemi\Amir_Thesis\TUBITAK-1002\datasets\FASDD_RS\images\smoke_RS000037.tif,both,val
E:\Projects-Seyed.Jasemi\Amir_Thesis\TUBITAK-1002\datasets\FASDD_RS\images\smoke_RS000038.tif,both,train
E:\Projects-Seyed.Jasemi\Amir_Thesis\TUBITAK-1002\datasets\FASDD_RS\images\smoke_RS000039.tif,both,train
E:\Projects-Seyed.Jasemi\Amir_Thesis\TUBITAK-1002\datasets\FASDD_RS\images\smoke_RS000040.tif,both,val
E:\Projects-Seyed.Jasemi\Amir_Thesis\TUBITAK-1002\datasets\FASDD_RS\images\smoke_RS000041.tif,both,val
E:\Projects-Seyed.Jasemi\Amir_Thesis\TUBITAK-1002\datasets\FASDD_RS\images\smoke_RS000042.tif,both,test
E:\Projects-Seyed.Jasemi\Amir_Thesis\TUBITAK-1002\datasets\FASDD_RS\images\smoke_RS000043.tif,both,train
E:\Projects-Seyed.Jasemi\Amir_Thesis\TUBITAK-1002\datasets\FASDD_RS\images\smoke_RS000044.tif,both,test
E:\Projects-Seyed.Jasemi\Amir_Thesis\TUBITAK-1002\datasets\FASDD_RS\images\smoke_RS000045.tif,both,test
E:\Projects-Seyed.Jasemi\Amir_Thesis\TUBITAK-1002\datasets\FASDD_RS\images\smoke_RS000046.tif,both,train
E:\Projects-Seyed.Jasemi\Amir_Thesis\TUBITAK-1002\datasets\FASDD_RS\images\smoke_RS000047.tif,both,train
E:\Projects-Seyed.Jasemi\Amir_Thesis\TUBITAK-1002\datasets\FASDD_RS\images\smoke_RS000048.tif,both,test
E:\Projects-Seyed.Jasemi\Amir_Thesis\TUBITAK-1002\datasets\FASDD_RS\images\smoke_RS000049.tif,both,val
E:\Projects-Seyed.Jasemi\Amir_Thesis\TUBITAK-1002\datasets\FASDD_RS\images\smoke_RS000050.tif,both,train
E:\Projects-Seyed.Jasemi\Amir_Thesis\TUBITAK-1002\datasets\FASDD_RS\images\smoke_RS000051.tif,both,train
E:\Projects-Seyed.Jasemi\Amir_Thesis\TUBITAK-1002\datasets\FASDD_RS\images\smoke_RS000052.tif,both,test
E:\Projects-Seyed.Jasemi\Amir_Thesis\TUBITAK-1002\datasets\FASDD_RS\images\smoke_RS000053.tif,both,val
E:\Projects-Seyed.Jasemi\Amir_Thesis\TUBITAK-1002\datasets\FASDD_RS\images\smoke_RS000054.tif,both,train
E:\Projects-Seyed.Jasemi\Amir_Thesis\TUBITAK-1002\datasets\FASDD_RS\images\smoke_RS000055.tif,both,train
E:\Projects-Seyed.Jasemi\Amir_Thesis\TUBITAK-1002\datasets\FASDD_RS\images\smoke_RS000056.tif,both,train
E:\Projects-Seyed.Jasemi\Amir_Thesis\TUBITAK-1002\datasets\FASDD_RS\images\smoke_RS000057.tif,both,test
E:\Projects-Seyed.Jasemi\Amir_Thesis\TUBITAK-1002\datasets\FASDD_RS\images\smoke_RS000058.tif,both,test
E:\Projects-Seyed.Jasemi\Amir_Thesis\TUBITAK-1002\datasets\FASDD_RS\images\smoke_RS000059.tif,both,test
E:\Projects-Seyed.Jasemi\Amir_Thesis\TUBITAK-1002\datasets\FASDD_RS\images\smoke_RS000060.tif,both,test
E:\Projects-Seyed.Jasemi\Amir_Thesis\TUBITAK-1002\datasets\FASDD_RS\images\smoke_RS000061.tif,both,train
E:\Projects-Seyed.Jasemi\Amir_Thesis\TUBITAK-1002\datasets\FASDD_RS\images\smoke_RS000062.tif,both,test
E:\Projects-Seyed.Jasemi\Amir_Thesis\TUBITAK-1002\datasets\FASDD_RS\images\smoke_RS000063.tif,both,val
E:\Projects-Seyed.Jasemi\Amir_Thesis\TUBITAK-1002\datasets\FASDD_RS\images\smoke_RS000064.tif,smoke,val
E:\Projects-Seyed.Jasemi\Amir_Thesis\TUBITAK-1002\datasets\FASDD_RS\images\smoke_RS000065.tif,both,val
E:\Projects-Seyed.Jasemi\Amir_Thesis\TUBITAK-1002\datasets\FASDD_RS\images\smoke_RS000066.tif,both,test
E:\Projects-Seyed.Jasemi\Amir_Thesis\TUBITAK-1002\datasets\FASDD_RS\images\smoke_RS000067.tif,both,train
E:\Projects-Seyed.Jasemi\Amir_Thesis\TUBITAK-1002\datasets\FASDD_RS\images\smoke_RS000068.tif,both,train
E:\Projects-Seyed.Jasemi\Amir_Thesis\TUBITAK-1002\datasets\FASDD_RS\images\smoke_RS000069.tif,both,train
E:\Projects-Seyed.Jasemi\Amir_Thesis\TUBITAK-1002\datasets\FASDD_RS\images\smoke_RS000070.tif,both,test
E:\Projects-Seyed.Jasemi\Amir_Thesis\TUBITAK-1002\datasets\FASDD_RS\images\smoke_RS000071.tif,smoke,train
E:\Projects-Seyed.Jasemi\Amir_Thesis\TUBITAK-1002\datasets\FASDD_RS\images\smoke_RS000072.tif,both,test
E:\Projects-Seyed.Jasemi\Amir_Thesis\TUBITAK-1002\datasets\FASDD_RS\images\smoke_RS000073.tif,both,val
E:\Projects-Seyed.Jasemi\Amir_Thesis\TUBITAK-1002\datasets\FASDD_RS\images\smoke_RS000074.tif,both,val
E:\Projects-Seyed.Jasemi\Amir_Thesis\TUBITAK-1002\datasets\FASDD_RS\images\smoke_RS000075.tif,smoke,train
E:\Projects-Seyed.Jasemi\Amir_Thesis\TUBITAK-1002\datasets\FASDD_RS\images\smoke_RS000076.tif,both,test
E:\Projects-Seyed.Jasemi\Amir_Thesis\TUBITAK-1002\datasets\FASDD_RS\images\smoke_RS000077.tif,both,test
E:\Projects-Seyed.Jasemi\Amir_Thesis\TUBITAK-1002\datasets\FASDD_RS\images\smoke_RS000078.tif,both,val
E:\Projects-Seyed.Jasemi\Amir_Thesis\TUBITAK-1002\datasets\FASDD_RS\images\smoke_RS000079.tif,both,train
E:\Projects-Seyed.Jasemi\Amir_Thesis\TUBITAK-1002\datasets\FASDD_RS\images\smoke_RS000080.tif,smoke,val
E:\Projects-Seyed.Jasemi\Amir_Thesis\TUBITAK-1002\datasets\FASDD_RS\images\smoke_RS000081.tif,both,val
E:\Projects-Seyed.Jasemi\Amir_Thesis\TUBITAK-1002\datasets\FASDD_RS\images\smoke_RS000082.tif,both,val
E:\Projects-Seyed.Jasemi\Amir_Thesis\TUBITAK-1002\datasets\FASDD_RS\images\smoke_RS000083.tif,both,val
E:\Projects-Seyed.Jasemi\Amir_Thesis\TUBITAK-1002\datasets\FASDD_RS\images\smoke_RS000084.tif,both,train
E:\Projects-Seyed.Jasemi\Amir_Thesis\TUBITAK-1002\datasets\FASDD_RS\images\smoke_RS000085.tif,both,val
E:\Projects-Seyed.Jasemi\Amir_Thesis\TUBITAK-1002\datasets\FASDD_RS\images\smoke_RS000086.tif,both,train
E:\Projects-Seyed.Jasemi\Amir_Thesis\TUBITAK-1002\datasets\FASDD_RS\images\smoke_RS000087.tif,both,val
E:\Projects-Seyed.Jasemi\Amir_Thesis\TUBITAK-1002\datasets\FASDD_RS\images\smoke_RS000088.tif,both,train
E:\Projects-Seyed.Jasemi\Amir_Thesis\TUBITAK-1002\datasets\FASDD_RS\images\smoke_RS000089.tif,both,test
E:\Projects-Seyed.Jasemi\Amir_Thesis\TUBITAK-1002\datasets\FASDD_RS\images\smoke_RS000090.tif,both,train
E:\Projects-Seyed.Jasemi\Amir_Thesis\TUBITAK-1002\datasets\FASDD_RS\images\smoke_RS000091.tif,both,val
E:\Projects-Seyed.Jasemi\Amir_Thesis\TUBITAK-1002\datasets\FASDD_RS\images\smoke_RS000092.tif,both,val
E:\Projects-Seyed.Jasemi\Amir_Thesis\TUBITAK-1002\datasets\FASDD_RS\images\smoke_RS000093.tif,both,val
E:\Projects-Seyed.Jasemi\Amir_Thesis\TUBITAK-1002\datasets\FASDD_RS\images\smoke_RS000094.tif,both,val
E:\Projects-Seyed.Jasemi\Amir_Thesis\TUBITAK-1002\datasets\FASDD_RS\images\smoke_RS000095.tif,both,train
E:\Projects-Seyed.Jasemi\Amir_Thesis\TUBITAK-1002\datasets\FASDD_RS\images\smoke_RS000096.tif,both,train
E:\Projects-Seyed.Jasemi\Amir_Thesis\TUBITAK-1002\datasets\FASDD_RS\images\smoke_RS000097.tif,smoke,test
E:\Projects-Seyed.Jasemi\Amir_Thesis\TUBITAK-1002\datasets\FASDD_RS\images\smoke_RS000098.tif,smoke,train
E:\Projects-Seyed.Jasemi\Amir_Thesis\TUBITAK-1002\datasets\FASDD_RS\images\smoke_RS000099.tif,both,train
E:\Projects-Seyed.Jasemi\Amir_Thesis\TUBITAK-1002\datasets\FASDD_RS\images\smoke_RS000100.tif,both,train
E:\Projects-Seyed.Jasemi\Amir_Thesis\TUBITAK-1002\datasets\FASDD_RS\images\smoke_RS000101.tif,both,train
E:\Projects-Seyed.Jasemi\Amir_Thesis\TUBITAK-1002\datasets\FASDD_RS\images\smoke_RS000102.tif,smoke,val
E:\Projects-Seyed.Jasemi\Amir_Thesis\TUBITAK-1002\datasets\FASDD_RS\images\smoke_RS000103.tif,both,val
E:\Projects-Seyed.Jasemi\Amir_Thesis\TUBITAK-1002\datasets\FASDD_RS\images\smoke_RS000104.tif,both,train
E:\Projects-Seyed.Jasemi\Amir_Thesis\TUBITAK-1002\datasets\FASDD_RS\images\smoke_RS000105.tif,both,train
E:\Projects-Seyed.Jasemi\Amir_Thesis\TUBITAK-1002\datasets\FASDD_RS\images\smoke_RS000106.tif,both,train
E:\Projects-Seyed.Jasemi\Amir_Thesis\TUBITAK-1002\datasets\FASDD_RS\images\smoke_RS000107.tif,both,train
E:\Projects-Seyed.Jasemi\Amir_Thesis\TUBITAK-1002\datasets\FASDD_RS\images\smoke_RS000108.tif,both,train
E:\Projects-Seyed.Jasemi\Amir_Thesis\TUBITAK-1002\datasets\FASDD_RS\images\smoke_RS000109.tif,both,val
E:\Projects-Seyed.Jasemi\Amir_Thesis\TUBITAK-1002\datasets\FASDD_RS\images\smoke_RS000110.tif,both,val
E:\Projects-Seyed.Jasemi\Amir_Thesis\TUBITAK-1002\datasets\FASDD_RS\images\smoke_RS000111.tif,both,train
E:\Projects-Seyed.Jasemi\Amir_Thesis\TUBITAK-1002\datasets\FASDD_RS\images\smoke_RS000112.tif,both,train
E:\Projects-Seyed.Jasemi\Amir_Thesis\TUBITAK-1002\datasets\FASDD_RS\images\smoke_RS000113.tif,both,train
E:\Projects-Seyed.Jasemi\Amir_Thesis\TUBITAK-1002\datasets\FASDD_RS\images\smoke_RS000114.tif,both,test
E:\Projects-Seyed.Jasemi\Amir_Thesis\TUBITAK-1002\datasets\FASDD_RS\images\smoke_RS000115.tif,both,train
E:\Projects-Seyed.Jasemi\Amir_Thesis\TUBITAK-1002\datasets\FASDD_RS\images\smoke_RS000116.tif,both,train
E:\Projects-Seyed.Jasemi\Amir_Thesis\TUBITAK-1002\datasets\FASDD_RS\images\smoke_RS000117.tif,both,train
E:\Projects-Seyed.Jasemi\Amir_Thesis\TUBITAK-1002\datasets\FASDD_RS\images\smoke_RS000118.tif,both,train
E:\Projects-Seyed.Jasemi\Amir_Thesis\TUBITAK-1002\datasets\FASDD_RS\images\smoke_RS000119.tif,both,train
E:\Projects-Seyed.Jasemi\Amir_Thesis\TUBITAK-1002\datasets\FASDD_RS\images\smoke_RS000120.tif,smoke,test
E:\Projects-Seyed.Jasemi\Amir_Thesis\TUBITAK-1002\datasets\FASDD_RS\images\smoke_RS000121.tif,smoke,train
E:\Projects-Seyed.Jasemi\Amir_Thesis\TUBITAK-1002\datasets\FASDD_RS\images\smoke_RS000122.tif,smoke,val
E:\Projects-Seyed.Jasemi\Amir_Thesis\TUBITAK-1002\datasets\FASDD_RS\images\smoke_RS000123.tif,smoke,train
E:\Projects-Seyed.Jasemi\Amir_Thesis\TUBITAK-1002\datasets\FASDD_RS\images\smoke_RS000124.tif,smoke,val
E:\Projects-Seyed.Jasemi\Amir_Thesis\TUBITAK-1002\datasets\FASDD_RS\images\smoke_RS000125.tif,smoke,train
E:\Projects-Seyed.Jasemi\Amir_Thesis\TUBITAK-1002\datasets\FASDD_RS\images\smoke_RS000126.tif,smoke,val
E:\Projects-Seyed.Jasemi\Amir_Thesis\TUBITAK-1002\datasets\FASDD_RS\images\smoke_RS000127.tif,smoke,train
E:\Projects-Seyed.Jasemi\Amir_Thesis\TUBITAK-1002\datasets\FASDD_RS\images\smoke_RS000128.tif,smoke,val
E:\Projects-Seyed.Jasemi\Amir_Thesis\TUBITAK-1002\datasets\FASDD_RS\images\smoke_RS000129.tif,both,test
E:\Projects-Seyed.Jasemi\Amir_Thesis\TUBITAK-1002\datasets\FASDD_RS\images\smoke_RS000130.tif,smoke,train
E:\Projects-Seyed.Jasemi\Amir_Thesis\TUBITAK-1002\datasets\FASDD_RS\images\smoke_RS000131.tif,both,train
E:\Projects-Seyed.Jasemi\Amir_Thesis\TUBITAK-1002\datasets\FASDD_RS\images\smoke_RS000132.tif,both,train
E:\Projects-Seyed.Jasemi\Amir_Thesis\TUBITAK-1002\datasets\FASDD_RS\images\smoke_RS000133.tif,smoke,val
E:\Projects-Seyed.Jasemi\Amir_Thesis\TUBITAK-1002\datasets\FASDD_RS\images\smoke_RS000134.tif,both,train
E:\Projects-Seyed.Jasemi\Amir_Thesis\TUBITAK-1002\datasets\FASDD_RS\images\smoke_RS000135.tif,smoke,train
E:\Projects-Seyed.Jasemi\Amir_Thesis\TUBITAK-1002\datasets\FASDD_RS\images\smoke_RS000136.tif,both,train
E:\Projects-Seyed.Jasemi\Amir_Thesis\TUBITAK-1002\datasets\FASDD_RS\images\smoke_RS000137.tif,both,train
E:\Projects-Seyed.Jasemi\Amir_Thesis\TUBITAK-1002\datasets\FASDD_RS\images\smoke_RS000138.tif,both,train
E:\Projects-Seyed.Jasemi\Amir_Thesis\TUBITAK-1002\datasets\FASDD_RS\images\smoke_RS000139.tif,both,val
E:\Projects-Seyed.Jasemi\Amir_Thesis\TUBITAK-1002\datasets\FASDD_RS\images\smoke_RS000140.tif,smoke,train
E:\Projects-Seyed.Jasemi\Amir_Thesis\TUBITAK-1002\datasets\FASDD_RS\images\smoke_RS000141.tif,both,val
E:\Projects-Seyed.Jasemi\Amir_Thesis\TUBITAK-1002\datasets\FASDD_RS\images\smoke_RS000142.tif,both,test
E:\Projects-Seyed.Jasemi\Amir_Thesis\TUBITAK-1002\datasets\FASDD_RS\images\smoke_RS000143.tif,both,train
E:\Projects-Seyed.Jasemi\Amir_Thesis\TUBITAK-1002\datasets\FASDD_RS\images\smoke_RS000144.tif,both,test
E:\Projects-Seyed.Jasemi\Amir_Thesis\TUBITAK-1002\datasets\FASDD_RS\images\smoke_RS000145.tif,both,val
E:\Projects-Seyed.Jasemi\Amir_Thesis\TUBITAK-1002\datasets\FASDD_RS\images\smoke_RS000146.tif,both,train
E:\Projects-Seyed.Jasemi\Amir_Thesis\TUBITAK-1002\datasets\FASDD_RS\images\smoke_RS000147.tif,both,train
E:\Projects-Seyed.Jasemi\Amir_Thesis\TUBITAK-1002\datasets\FASDD_RS\images\smoke_RS000148.tif,smoke,train
E:\Projects-Seyed.Jasemi\Amir_Thesis\TUBITAK-1002\datasets\FASDD_RS\images\smoke_RS000149.tif,smoke,val
E:\Projects-Seyed.Jasemi\Amir_Thesis\TUBITAK-1002\datasets\FASDD_RS\images\smoke_RS000150.tif,both,train
E:\Projects-Seyed.Jasemi\Amir_Thesis\TUBITAK-1002\datasets\FASDD_RS\images\smoke_RS000151.tif,smoke,val
E:\Projects-Seyed.Jasemi\Amir_Thesis\TUBITAK-1002\datasets\FASDD_RS\images\smoke_RS000152.tif,both,train
E:\Projects-Seyed.Jasemi\Amir_Thesis\TUBITAK-1002\datasets\FASDD_RS\images\smoke_RS000153.tif,both,val
E:\Projects-Seyed.Jasemi\Amir_Thesis\TUBITAK-1002\datasets\FASDD_RS\images\smoke_RS000154.tif,both,train
E:\Projects-Seyed.Jasemi\Amir_Thesis\TUBITAK-1002\datasets\FASDD_RS\images\smoke_RS000155.tif,smoke,train
E:\Projects-Seyed.Jasemi\Amir_Thesis\TUBITAK-1002\datasets\FASDD_RS\images\smoke_RS000156.tif,smoke,test
E:\Projects-Seyed.Jasemi\Amir_Thesis\TUBITAK-1002\datasets\FASDD_RS\images\smoke_RS000157.tif,smoke,val
E:\Projects-Seyed.Jasemi\Amir_Thesis\TUBITAK-1002\datasets\FASDD_RS\images\smoke_RS000158.tif,smoke,train
E:\Projects-Seyed.Jasemi\Amir_Thesis\TUBITAK-1002\datasets\FASDD_RS\images\smoke_RS000159.tif,smoke,val
E:\Projects-Seyed.Jasemi\Amir_Thesis\TUBITAK-1002\datasets\FASDD_RS\images\smoke_RS000160.tif,smoke,train
E:\Projects-Seyed.Jasemi\Amir_Thesis\TUBITAK-1002\datasets\FASDD_RS\images\smoke_RS000161.tif,smoke,val
E:\Projects-Seyed.Jasemi\Amir_Thesis\TUBITAK-1002\datasets\FASDD_RS\images\smoke_RS000162.tif,smoke,train
E:\Projects-Seyed.Jasemi\Amir_Thesis\TUBITAK-1002\datasets\FASDD_RS\images\smoke_RS000163.tif,smoke,val
E:\Projects-Seyed.Jasemi\Amir_Thesis\TUBITAK-1002\datasets\FASDD_RS\images\smoke_RS000164.tif,smoke,train
E:\Projects-Seyed.Jasemi\Amir_Thesis\TUBITAK-1002\datasets\FASDD_RS\images\smoke_RS000165.tif,smoke,train
E:\Projects-Seyed.Jasemi\Amir_Thesis\TUBITAK-1002\datasets\FASDD_RS\images\smoke_RS000166.tif,both,train
E:\Projects-Seyed.Jasemi\Amir_Thesis\TUBITAK-1002\datasets\FASDD_RS\images\smoke_RS000167.tif,both,val
E:\Projects-Seyed.Jasemi\Amir_Thesis\TUBITAK-1002\datasets\FASDD_RS\images\smoke_RS000168.tif,both,val
E:\Projects-Seyed.Jasemi\Amir_Thesis\TUBITAK-1002\datasets\FASDD_RS\images\smoke_RS000169.tif,both,val
E:\Projects-Seyed.Jasemi\Amir_Thesis\TUBITAK-1002\datasets\FASDD_RS\images\smoke_RS000170.tif,both,test
E:\Projects-Seyed.Jasemi\Amir_Thesis\TUBITAK-1002\datasets\FASDD_RS\images\smoke_RS000171.tif,both,train
E:\Projects-Seyed.Jasemi\Amir_Thesis\TUBITAK-1002\datasets\FASDD_RS\images\smoke_RS000172.tif,both,val
E:\Projects-Seyed.Jasemi\Amir_Thesis\TUBITAK-1002\datasets\FASDD_RS\images\smoke_RS000173.tif,both,val
E:\Projects-Seyed.Jasemi\Amir_Thesis\TUBITAK-1002\datasets\FASDD_RS\images\smoke_RS000174.tif,both,train
E:\Projects-Seyed.Jasemi\Amir_Thesis\TUBITAK-1002\datasets\FASDD_RS\images\smoke_RS000175.tif,both,val
E:\Projects-Seyed.Jasemi\Amir_Thesis\TUBITAK-1002\datasets\FASDD_RS\images\smoke_RS000176.tif,both,val
E:\Projects-Seyed.Jasemi\Amir_Thesis\TUBITAK-1002\datasets\FASDD_RS\images\smoke_RS000177.tif,both,test
E:\Projects-Seyed.Jasemi\Amir_Thesis\TUBITAK-1002\datasets\FASDD_RS\images\smoke_RS000178.tif,both,train
E:\Projects-Seyed.Jasemi\Amir_Thesis\TUBITAK-1002\datasets\FASDD_RS\images\smoke_RS000179.tif,both,train
E:\Projects-Seyed.Jasemi\Amir_Thesis\TUBITAK-1002\datasets\FASDD_RS\images\smoke_RS000180.tif,smoke,val
E:\Projects-Seyed.Jasemi\Amir_Thesis\TUBITAK-1002\datasets\FASDD_RS\images\smoke_RS000181.tif,both,val
E:\Projects-Seyed.Jasemi\Amir_Thesis\TUBITAK-1002\datasets\FASDD_RS\images\smoke_RS000182.tif,smoke,val
E:\Projects-Seyed.Jasemi\Amir_Thesis\TUBITAK-1002\datasets\FASDD_RS\images\smoke_RS000183.tif,smoke,val
E:\Projects-Seyed.Jasemi\Amir_Thesis\TUBITAK-1002\datasets\FASDD_RS\images\smoke_RS000184.tif,both,train
E:\Projects-Seyed.Jasemi\Amir_Thesis\TUBITAK-1002\datasets\FASDD_RS\images\smoke_RS000185.tif,smoke,train
E:\Projects-Seyed.Jasemi\Amir_Thesis\TUBITAK-1002\datasets\FASDD_RS\images\smoke_RS000186.tif,both,train
E:\Projects-Seyed.Jasemi\Amir_Thesis\TUBITAK-1002\datasets\FASDD_RS\images\smoke_RS000187.tif,smoke,test
E:\Projects-Seyed.Jasemi\Amir_Thesis\TUBITAK-1002\datasets\FASDD_RS\images\smoke_RS000188.tif,both,train
E:\Projects-Seyed.Jasemi\Amir_Thesis\TUBITAK-1002\datasets\FASDD_RS\images\smoke_RS000189.tif,both,train
E:\Projects-Seyed.Jasemi\Amir_Thesis\TUBITAK-1002\datasets\FASDD_RS\images\smoke_RS000190.tif,both,train
E:\Projects-Seyed.Jasemi\Amir_Thesis\TUBITAK-1002\datasets\FASDD_RS\images\smoke_RS000191.tif,both,val
E:\Projects-Seyed.Jasemi\Amir_Thesis\TUBITAK-1002\datasets\FASDD_RS\images\smoke_RS000192.tif,both,test
E:\Projects-Seyed.Jasemi\Amir_Thesis\TUBITAK-1002\datasets\FASDD_RS\images\smoke_RS000193.tif,smoke,train
E:\Projects-Seyed.Jasemi\Amir_Thesis\TUBITAK-1002\datasets\FASDD_RS\images\smoke_RS000194.tif,smoke,val
E:\Projects-Seyed.Jasemi\Amir_Thesis\TUBITAK-1002\datasets\FASDD_RS\images\smoke_RS000195.tif,smoke,train
E:\Projects-Seyed.Jasemi\Amir_Thesis\TUBITAK-1002\datasets\FASDD_RS\images\smoke_RS000196.tif,smoke,train
E:\Projects-Seyed.Jasemi\Amir_Thesis\TUBITAK-1002\datasets\FASDD_RS\images\smoke_RS000197.tif,smoke,val
E:\Projects-Seyed.Jasemi\Amir_Thesis\TUBITAK-1002\datasets\FASDD_RS\images\smoke_RS000198.tif,smoke,train
E:\Projects-Seyed.Jasemi\Amir_Thesis\TUBITAK-1002\datasets\FASDD_RS\images\smoke_RS000199.tif,both,train
E:\Projects-Seyed.Jasemi\Amir_Thesis\TUBITAK-1002\datasets\FASDD_RS\images\smoke_RS000200.tif,smoke,train
E:\Projects-Seyed.Jasemi\Amir_Thesis\TUBITAK-1002\datasets\FASDD_RS\images\smoke_RS000201.tif,both,train
E:\Projects-Seyed.Jasemi\Amir_Thesis\TUBITAK-1002\datasets\FASDD_RS\images\smoke_RS000202.tif,both,test
E:\Projects-Seyed.Jasemi\Amir_Thesis\TUBITAK-1002\datasets\FASDD_RS\images\smoke_RS000203.tif,smoke,val
E:\Projects-Seyed.Jasemi\Amir_Thesis\TUBITAK-1002\datasets\FASDD_RS\images\smoke_RS000204.tif,smoke,test
E:\Projects-Seyed.Jasemi\Amir_Thesis\TUBITAK-1002\datasets\FASDD_RS\images\smoke_RS000205.tif,both,val
E:\Projects-Seyed.Jasemi\Amir_Thesis\TUBITAK-1002\datasets\FASDD_RS\images\smoke_RS000206.tif,both,train
E:\Projects-Seyed.Jasemi\Amir_Thesis\TUBITAK-1002\datasets\FASDD_RS\images\smoke_RS000207.tif,both,train
E:\Projects-Seyed.Jasemi\Amir_Thesis\TUBITAK-1002\datasets\FASDD_RS\images\smoke_RS000208.tif,both,val
E:\Projects-Seyed.Jasemi\Amir_Thesis\TUBITAK-1002\datasets\FASDD_RS\images\smoke_RS000209.tif,both,test
E:\Projects-Seyed.Jasemi\Amir_Thesis\TUBITAK-1002\datasets\FASDD_RS\images\smoke_RS000210.tif,both,val
E:\Projects-Seyed.Jasemi\Amir_Thesis\TUBITAK-1002\datasets\FASDD_RS\images\smoke_RS000211.tif,both,val
E:\Projects-Seyed.Jasemi\Amir_Thesis\TUBITAK-1002\datasets\FASDD_RS\images\smoke_RS000212.tif,both,val
E:\Projects-Seyed.Jasemi\Amir_Thesis\TUBITAK-1002\datasets\FASDD_RS\images\smoke_RS000213.tif,both,val
E:\Projects-Seyed.Jasemi\Amir_Thesis\TUBITAK-1002\datasets\FASDD_RS\images\smoke_RS000214.tif,both,train
E:\Projects-Seyed.Jasemi\Amir_Thesis\TUBITAK-1002\datasets\FASDD_RS\images\smoke_RS000215.tif,both,train
E:\Projects-Seyed.Jasemi\Amir_Thesis\TUBITAK-1002\datasets\FASDD_RS\images\smoke_RS000216.tif,both,train
E:\Projects-Seyed.Jasemi\Amir_Thesis\TUBITAK-1002\datasets\FASDD_RS\images\smoke_RS000217.tif,both,val
E:\Projects-Seyed.Jasemi\Amir_Thesis\TUBITAK-1002\datasets\FASDD_RS\images\smoke_RS000218.tif,both,train
E:\Projects-Seyed.Jasemi\Amir_Thesis\TUBITAK-1002\datasets\FASDD_RS\images\smoke_RS000219.tif,both,train
E:\Projects-Seyed.Jasemi\Amir_Thesis\TUBITAK-1002\datasets\FASDD_RS\images\smoke_RS000220.tif,both,val
E:\Projects-Seyed.Jasemi\Amir_Thesis\TUBITAK-1002\datasets\FASDD_RS\images\smoke_RS000221.tif,both,test
E:\Projects-Seyed.Jasemi\Amir_Thesis\TUBITAK-1002\datasets\FASDD_RS\images\smoke_RS000222.tif,both,test
E:\Projects-Seyed.Jasemi\Amir_Thesis\TUBITAK-1002\datasets\FASDD_RS\images\smoke_RS000223.tif,smoke,train
E:\Projects-Seyed.Jasemi\Amir_Thesis\TUBITAK-1002\datasets\FASDD_RS\images\smoke_RS000224.tif,smoke,test
E:\Projects-Seyed.Jasemi\Amir_Thesis\TUBITAK-1002\datasets\FASDD_RS\images\smoke_RS000225.tif,both,val
E:\Projects-Seyed.Jasemi\Amir_Thesis\TUBITAK-1002\datasets\FASDD_RS\images\smoke_RS000226.tif,both,train
E:\Projects-Seyed.Jasemi\Amir_Thesis\TUBITAK-1002\datasets\FASDD_RS\images\smoke_RS000227.tif,both,train
E:\Projects-Seyed.Jasemi\Amir_Thesis\TUBITAK-1002\datasets\FASDD_RS\images\smoke_RS000228.tif,both,train
E:\Projects-Seyed.Jasemi\Amir_Thesis\TUBITAK-1002\datasets\FASDD_RS\images\smoke_RS000229.tif,both,train
E:\Projects-Seyed.Jasemi\Amir_Thesis\TUBITAK-1002\datasets\FASDD_RS\images\smoke_RS000230.tif,both,val
E:\Projects-Seyed.Jasemi\Amir_Thesis\TUBITAK-1002\datasets\FASDD_RS\images\smoke_RS000231.tif,both,val
E:\Projects-Seyed.Jasemi\Amir_Thesis\TUBITAK-1002\datasets\FASDD_RS\images\smoke_RS000232.tif,both,val
E:\Projects-Seyed.Jasemi\Amir_Thesis\TUBITAK-1002\datasets\FASDD_RS\images\smoke_RS000233.tif,smoke,test
E:\Projects-Seyed.Jasemi\Amir_Thesis\TUBITAK-1002\datasets\FASDD_RS\images\smoke_RS000234.tif,smoke,val
E:\Projects-Seyed.Jasemi\Amir_Thesis\TUBITAK-1002\datasets\FASDD_RS\images\smoke_RS000235.tif,smoke,val
E:\Projects-Seyed.Jasemi\Amir_Thesis\TUBITAK-1002\datasets\FASDD_RS\images\smoke_RS000236.tif,both,val
E:\Projects-Seyed.Jasemi\Amir_Thesis\TUBITAK-1002\datasets\FASDD_RS\images\smoke_RS000237.tif,both,train
E:\Projects-Seyed.Jasemi\Amir_Thesis\TUBITAK-1002\datasets\FASDD_RS\images\smoke_RS000238.tif,both,train
E:\Projects-Seyed.Jasemi\Amir_Thesis\TUBITAK-1002\datasets\FASDD_RS\images\smoke_RS000239.tif,both,val
E:\Projects-Seyed.Jasemi\Amir_Thesis\TUBITAK-1002\datasets\FASDD_RS\images\smoke_RS000240.tif,both,train
E:\Projects-Seyed.Jasemi\Amir_Thesis\TUBITAK-1002\datasets\FASDD_RS\images\smoke_RS000241.tif,both,test
E:\Projects-Seyed.Jasemi\Amir_Thesis\TUBITAK-1002\datasets\FASDD_RS\images\smoke_RS000242.tif,both,train
E:\Projects-Seyed.Jasemi\Amir_Thesis\TUBITAK-1002\datasets\FASDD_RS\images\smoke_RS000243.tif,both,train
E:\Projects-Seyed.Jasemi\Amir_Thesis\TUBITAK-1002\datasets\FASDD_RS\images\smoke_RS000244.tif,smoke,val
E:\Projects-Seyed.Jasemi\Amir_Thesis\TUBITAK-1002\datasets\FASDD_RS\images\smoke_RS000245.tif,both,train
E:\Projects-Seyed.Jasemi\Amir_Thesis\TUBITAK-1002\datasets\FASDD_RS\images\smoke_RS000246.tif,both,val
E:\Projects-Seyed.Jasemi\Amir_Thesis\TUBITAK-1002\datasets\FASDD_RS\images\smoke_RS000247.tif,both,test
E:\Projects-Seyed.Jasemi\Amir_Thesis\TUBITAK-1002\datasets\FASDD_RS\images\smoke_RS000248.tif,both,val
E:\Projects-Seyed.Jasemi\Amir_Thesis\TUBITAK-1002\datasets\FASDD_RS\images\smoke_RS000249.tif,both,val
E:\Projects-Seyed.Jasemi\Amir_Thesis\TUBITAK-1002\datasets\FASDD_RS\images\smoke_RS000250.tif,both,val
E:\Projects-Seyed.Jasemi\Amir_Thesis\TUBITAK-1002\datasets\FASDD_RS\images\smoke_RS000251.tif,both,val
E:\Projects-Seyed.Jasemi\Amir_Thesis\TUBITAK-1002\datasets\FASDD_RS\images\smoke_RS000252.tif,both,val
E:\Projects-Seyed.Jasemi\Amir_Thesis\TUBITAK-1002\datasets\FASDD_RS\images\smoke_RS000253.tif,both,val
E:\Projects-Seyed.Jasemi\Amir_Thesis\TUBITAK-1002\datasets\FASDD_RS\images\smoke_RS000254.tif,both,val
E:\Projects-Seyed.Jasemi\Amir_Thesis\TUBITAK-1002\datasets\FASDD_RS\images\smoke_RS000255.tif,both,train
E:\Projects-Seyed.Jasemi\Amir_Thesis\TUBITAK-1002\datasets\FASDD_RS\images\smoke_RS000256.tif,both,val
E:\Projects-Seyed.Jasemi\Amir_Thesis\TUBITAK-1002\datasets\FASDD_RS\images\smoke_RS000257.tif,both,test
E:\Projects-Seyed.Jasemi\Amir_Thesis\TUBITAK-1002\datasets\FASDD_RS\images\smoke_RS000258.tif,both,val
E:\Projects-Seyed.Jasemi\Amir_Thesis\TUBITAK-1002\datasets\FASDD_RS\images\smoke_RS000259.tif,both,train
E:\Projects-Seyed.Jasemi\Amir_Thesis\TUBITAK-1002\datasets\FASDD_RS\images\smoke_RS000260.tif,both,train
E:\Projects-Seyed.Jasemi\Amir_Thesis\TUBITAK-1002\datasets\FASDD_RS\images\smoke_RS000261.tif,both,val
E:\Projects-Seyed.Jasemi\Amir_Thesis\TUBITAK-1002\datasets\FASDD_RS\images\smoke_RS000262.tif,both,train
E:\Projects-Seyed.Jasemi\Amir_Thesis\TUBITAK-1002\datasets\FASDD_RS\images\smoke_RS000263.tif,both,train
E:\Projects-Seyed.Jasemi\Amir_Thesis\TUBITAK-1002\datasets\FASDD_RS\images\smoke_RS000264.tif,smoke,test
E:\Projects-Seyed.Jasemi\Amir_Thesis\TUBITAK-1002\datasets\FASDD_RS\images\smoke_RS000265.tif,both,val
E:\Projects-Seyed.Jasemi\Amir_Thesis\TUBITAK-1002\datasets\FASDD_RS\images\smoke_RS000266.tif,both,val
E:\Projects-Seyed.Jasemi\Amir_Thesis\TUBITAK-1002\datasets\FASDD_RS\images\smoke_RS000267.tif,both,test
E:\Projects-Seyed.Jasemi\Amir_Thesis\TUBITAK-1002\datasets\FASDD_RS\images\smoke_RS000268.tif,both,train
E:\Projects-Seyed.Jasemi\Amir_Thesis\TUBITAK-1002\datasets\FASDD_RS\images\smoke_RS000269.tif,both,train
E:\Projects-Seyed.Jasemi\Amir_Thesis\TUBITAK-1002\datasets\FASDD_RS\images\smoke_RS000270.tif,smoke,train
E:\Projects-Seyed.Jasemi\Amir_Thesis\TUBITAK-1002\datasets\FASDD_RS\images\smoke_RS000271.tif,both,train
E:\Projects-Seyed.Jasemi\Amir_Thesis\TUBITAK-1002\datasets\FASDD_RS\images\smoke_RS000272.tif,both,val
E:\Projects-Seyed.Jasemi\Amir_Thesis\TUBITAK-1002\datasets\FASDD_RS\images\smoke_RS000273.tif,both,val
E:\Projects-Seyed.Jasemi\Amir_Thesis\TUBITAK-1002\datasets\FASDD_RS\images\smoke_RS000274.tif,both,val
E:\Projects-Seyed.Jasemi\Amir_Thesis\TUBITAK-1002\datasets\FASDD_RS\images\smoke_RS000275.tif,both,test
E:\Projects-Seyed.Jasemi\Amir_Thesis\TUBITAK-1002\datasets\FASDD_RS\images\smoke_RS000276.tif,both,val
E:\Projects-Seyed.Jasemi\Amir_Thesis\TUBITAK-1002\datasets\FASDD_RS\images\smoke_RS000277.tif,both,val
E:\Projects-Seyed.Jasemi\Amir_Thesis\TUBITAK-1002\datasets\FASDD_RS\images\smoke_RS000278.tif,both,train
E:\Projects-Seyed.Jasemi\Amir_Thesis\TUBITAK-1002\datasets\FASDD_RS\images\smoke_RS000279.tif,both,val
E:\Projects-Seyed.Jasemi\Amir_Thesis\TUBITAK-1002\datasets\FASDD_RS\images\smoke_RS000280.tif,smoke,train
E:\Projects-Seyed.Jasemi\Amir_Thesis\TUBITAK-1002\datasets\FASDD_RS\images\smoke_RS000281.tif,both,val
E:\Projects-Seyed.Jasemi\Amir_Thesis\TUBITAK-1002\datasets\FASDD_RS\images\smoke_RS000282.tif,smoke,train
E:\Projects-Seyed.Jasemi\Amir_Thesis\TUBITAK-1002\datasets\FASDD_RS\images\smoke_RS000283.tif,both,val
E:\Projects-Seyed.Jasemi\Amir_Thesis\TUBITAK-1002\datasets\FASDD_RS\images\smoke_RS000284.tif,both,val
E:\Projects-Seyed.Jasemi\Amir_Thesis\TUBITAK-1002\datasets\FASDD_RS\images\smoke_RS000285.tif,both,train
E:\Projects-Seyed.Jasemi\Amir_Thesis\TUBITAK-1002\datasets\FASDD_RS\images\smoke_RS000286.tif,both,train
E:\Projects-Seyed.Jasemi\Amir_Thesis\TUBITAK-1002\datasets\FASDD_RS\images\smoke_RS000287.tif,both,val
E:\Projects-Seyed.Jasemi\Amir_Thesis\TUBITAK-1002\datasets\FASDD_RS\images\smoke_RS000288.tif,both,train
E:\Projects-Seyed.Jasemi\Amir_Thesis\TUBITAK-1002\datasets\FASDD_RS\images\smoke_RS000289.tif,both,train
E:\Projects-Seyed.Jasemi\Amir_Thesis\TUBITAK-1002\datasets\FASDD_RS\images\smoke_RS000290.tif,both,val
E:\Projects-Seyed.Jasemi\Amir_Thesis\TUBITAK-1002\datasets\FASDD_RS\images\smoke_RS000291.tif,both,val
E:\Projects-Seyed.Jasemi\Amir_Thesis\TUBITAK-1002\datasets\FASDD_RS\images\smoke_RS000292.tif,both,train
E:\Projects-Seyed.Jasemi\Amir_Thesis\TUBITAK-1002\datasets\FASDD_RS\images\smoke_RS000293.tif,both,train
E:\Projects-Seyed.Jasemi\Amir_Thesis\TUBITAK-1002\datasets\FASDD_RS\images\smoke_RS000294.tif,both,train
E:\Projects-Seyed.Jasemi\Amir_Thesis\TUBITAK-1002\datasets\FASDD_RS\images\smoke_RS000295.tif,both,train
E:\Projects-Seyed.Jasemi\Amir_Thesis\TUBITAK-1002\datasets\FASDD_RS\images\smoke_RS000296.tif,both,train
E:\Projects-Seyed.Jasemi\Amir_Thesis\TUBITAK-1002\datasets\FASDD_RS\images\smoke_RS000297.tif,both,val
E:\Projects-Seyed.Jasemi\Amir_Thesis\TUBITAK-1002\datasets\FASDD_RS\images\smoke_RS000298.tif,both,train
E:\Projects-Seyed.Jasemi\Amir_Thesis\TUBITAK-1002\datasets\FASDD_RS\images\smoke_RS000299.tif,both,test
E:\Projects-Seyed.Jasemi\Amir_Thesis\TUBITAK-1002\datasets\FASDD_RS\images\smoke_RS000300.tif,both,val
E:\Projects-Seyed.Jasemi\Amir_Thesis\TUBITAK-1002\datasets\FASDD_RS\images\smoke_RS000301.tif,both,val
E:\Projects-Seyed.Jasemi\Amir_Thesis\TUBITAK-1002\datasets\FASDD_RS\images\smoke_RS000302.tif,smoke,val
E:\Projects-Seyed.Jasemi\Amir_Thesis\TUBITAK-1002\datasets\FASDD_RS\images\smoke_RS000303.tif,both,val
E:\Projects-Seyed.Jasemi\Amir_Thesis\TUBITAK-1002\datasets\FASDD_RS\images\smoke_RS000304.tif,both,train
E:\Projects-Seyed.Jasemi\Amir_Thesis\TUBITAK-1002\datasets\FASDD_RS\images\smoke_RS000305.tif,both,val
E:\Projects-Seyed.Jasemi\Amir_Thesis\TUBITAK-1002\datasets\FASDD_RS\images\smoke_RS000306.tif,both,val
E:\Projects-Seyed.Jasemi\Amir_Thesis\TUBITAK-1002\datasets\FASDD_RS\images\smoke_RS000307.tif,both,train
E:\Projects-Seyed.Jasemi\Amir_Thesis\TUBITAK-1002\datasets\FASDD_RS\images\smoke_RS000308.tif,both,train
E:\Projects-Seyed.Jasemi\Amir_Thesis\TUBITAK-1002\datasets\FASDD_RS\images\smoke_RS000309.tif,both,train
E:\Projects-Seyed.Jasemi\Amir_Thesis\TUBITAK-1002\datasets\FASDD_RS\images\smoke_RS000310.tif,both,val
E:\Projects-Seyed.Jasemi\Amir_Thesis\TUBITAK-1002\datasets\FASDD_RS\images\smoke_RS000311.tif,smoke,train
E:\Projects-Seyed.Jasemi\Amir_Thesis\TUBITAK-1002\datasets\FASDD_RS\images\smoke_RS000312.tif,both,val
E:\Projects-Seyed.Jasemi\Amir_Thesis\TUBITAK-1002\datasets\FASDD_RS\images\smoke_RS000313.tif,both,train
E:\Projects-Seyed.Jasemi\Amir_Thesis\TUBITAK-1002\datasets\FASDD_RS\images\smoke_RS000314.tif,smoke,val
E:\Projects-Seyed.Jasemi\Amir_Thesis\TUBITAK-1002\datasets\FASDD_RS\images\smoke_RS000315.tif,both,train
E:\Projects-Seyed.Jasemi\Amir_Thesis\TUBITAK-1002\datasets\FASDD_RS\images\smoke_RS000316.tif,both,train
E:\Projects-Seyed.Jasemi\Amir_Thesis\TUBITAK-1002\datasets\FASDD_RS\images\smoke_RS000317.tif,both,train
E:\Projects-Seyed.Jasemi\Amir_Thesis\TUBITAK-1002\datasets\FASDD_RS\images\smoke_RS000318.tif,both,val
E:\Projects-Seyed.Jasemi\Amir_Thesis\TUBITAK-1002\datasets\FASDD_RS\images\smoke_RS000319.tif,smoke,val
E:\Projects-Seyed.Jasemi\Amir_Thesis\TUBITAK-1002\datasets\FASDD_RS\images\smoke_RS000320.tif,both,val
E:\Projects-Seyed.Jasemi\Amir_Thesis\TUBITAK-1002\datasets\FASDD_RS\images\smoke_RS000321.tif,both,val
E:\Projects-Seyed.Jasemi\Amir_Thesis\TUBITAK-1002\datasets\FASDD_RS\images\smoke_RS000322.tif,both,train
E:\Projects-Seyed.Jasemi\Amir_Thesis\TUBITAK-1002\datasets\FASDD_RS\images\smoke_RS000323.tif,both,val
E:\Projects-Seyed.Jasemi\Amir_Thesis\TUBITAK-1002\datasets\FASDD_RS\images\smoke_RS000324.tif,both,test
E:\Projects-Seyed.Jasemi\Amir_Thesis\TUBITAK-1002\datasets\FASDD_RS\images\smoke_RS000325.tif,both,val
E:\Projects-Seyed.Jasemi\Amir_Thesis\TUBITAK-1002\datasets\FASDD_RS\images\smoke_RS000326.tif,both,test
E:\Projects-Seyed.Jasemi\Amir_Thesis\TUBITAK-1002\datasets\FASDD_RS\images\smoke_RS000327.tif,both,val
E:\Projects-Seyed.Jasemi\Amir_Thesis\TUBITAK-1002\datasets\FASDD_RS\images\smoke_RS000328.tif,both,test
E:\Projects-Seyed.Jasemi\Amir_Thesis\TUBITAK-1002\datasets\FASDD_RS\images\smoke_RS000329.tif,both,train
E:\Projects-Seyed.Jasemi\Amir_Thesis\TUBITAK-1002\datasets\FASDD_RS\images\smoke_RS000330.tif,both,train
E:\Projects-Seyed.Jasemi\Amir_Thesis\TUBITAK-1002\datasets\FASDD_RS\images\smoke_RS000331.tif,both,val
E:\Projects-Seyed.Jasemi\Amir_Thesis\TUBITAK-1002\datasets\FASDD_RS\images\smoke_RS000332.tif,both,train
E:\Projects-Seyed.Jasemi\Amir_Thesis\TUBITAK-1002\datasets\FASDD_RS\images\smoke_RS000333.tif,both,val
E:\Projects-Seyed.Jasemi\Amir_Thesis\TUBITAK-1002\datasets\FASDD_RS\images\smoke_RS000334.tif,both,train
E:\Projects-Seyed.Jasemi\Amir_Thesis\TUBITAK-1002\datasets\FASDD_RS\images\smoke_RS000335.tif,both,test
E:\Projects-Seyed.Jasemi\Amir_Thesis\TUBITAK-1002\datasets\FASDD_RS\images\smoke_RS000336.tif,both,train
E:\Projects-Seyed.Jasemi\Amir_Thesis\TUBITAK-1002\datasets\FASDD_RS\images\smoke_RS000337.tif,both,train
E:\Projects-Seyed.Jasemi\Amir_Thesis\TUBITAK-1002\datasets\FASDD_RS\images\smoke_RS000338.tif,smoke,train
E:\Projects-Seyed.Jasemi\Amir_Thesis\TUBITAK-1002\datasets\FASDD_RS\images\smoke_RS000339.tif,both,train
E:\Projects-Seyed.Jasemi\Amir_Thesis\TUBITAK-1002\datasets\FASDD_RS\images\smoke_RS000340.tif,both,train
E:\Projects-Seyed.Jasemi\Amir_Thesis\TUBITAK-1002\datasets\FASDD_RS\images\smoke_RS000341.tif,both,val
E:\Projects-Seyed.Jasemi\Amir_Thesis\TUBITAK-1002\datasets\FASDD_RS\images\smoke_RS000342.tif,both,test
E:\Projects-Seyed.Jasemi\Amir_Thesis\TUBITAK-1002\datasets\FASDD_RS\images\smoke_RS000343.tif,both,train
E:\Projects-Seyed.Jasemi\Amir_Thesis\TUBITAK-1002\datasets\FASDD_RS\images\smoke_RS000344.tif,both,test
E:\Projects-Seyed.Jasemi\Amir_Thesis\TUBITAK-1002\datasets\FASDD_RS\images\smoke_RS000345.tif,both,test
E:\Projects-Seyed.Jasemi\Amir_Thesis\TUBITAK-1002\datasets\FASDD_RS\images\smoke_RS000346.tif,both,val
E:\Projects-Seyed.Jasemi\Amir_Thesis\TUBITAK-1002\datasets\FASDD_RS\images\smoke_RS000347.tif,both,val
E:\Projects-Seyed.Jasemi\Amir_Thesis\TUBITAK-1002\datasets\FASDD_RS\images\smoke_RS000348.tif,both,test
E:\Projects-Seyed.Jasemi\Amir_Thesis\TUBITAK-1002\datasets\FASDD_RS\images\smoke_RS000349.tif,both,train
E:\Projects-Seyed.Jasemi\Amir_Thesis\TUBITAK-1002\datasets\FASDD_RS\images\smoke_RS000350.tif,both,train
E:\Projects-Seyed.Jasemi\Amir_Thesis\TUBITAK-1002\datasets\FASDD_RS\images\smoke_RS000351.tif,both,test
E:\Projects-Seyed.Jasemi\Amir_Thesis\TUBITAK-1002\datasets\FASDD_RS\images\smoke_RS000352.tif,both,train
E:\Projects-Seyed.Jasemi\Amir_Thesis\TUBITAK-1002\datasets\FASDD_RS\images\smoke_RS000353.tif,both,train
E:\Projects-Seyed.Jasemi\Amir_Thesis\TUBITAK-1002\datasets\FASDD_RS\images\smoke_RS000354.tif,both,test
E:\Projects-Seyed.Jasemi\Amir_Thesis\TUBITAK-1002\datasets\FASDD_RS\images\smoke_RS000355.tif,both,train
E:\Projects-Seyed.Jasemi\Amir_Thesis\TUBITAK-1002\datasets\FASDD_RS\images\smoke_RS000356.tif,both,val
E:\Projects-Seyed.Jasemi\Amir_Thesis\TUBITAK-1002\datasets\FASDD_RS\images\smoke_RS000357.tif,both,train
E:\Projects-Seyed.Jasemi\Amir_Thesis\TUBITAK-1002\datasets\FASDD_RS\images\smoke_RS000358.tif,both,train
E:\Projects-Seyed.Jasemi\Amir_Thesis\TUBITAK-1002\datasets\FASDD_RS\images\smoke_RS000359.tif,both,train
E:\Projects-Seyed.Jasemi\Amir_Thesis\TUBITAK-1002\datasets\FASDD_RS\images\smoke_RS000360.tif,both,train
E:\Projects-Seyed.Jasemi\Amir_Thesis\TUBITAK-1002\datasets\FASDD_RS\images\smoke_RS000361.tif,both,train
E:\Projects-Seyed.Jasemi\Amir_Thesis\TUBITAK-1002\datasets\FASDD_RS\images\smoke_RS000362.tif,both,test
E:\Projects-Seyed.Jasemi\Amir_Thesis\TUBITAK-1002\datasets\FASDD_RS\images\smoke_RS000363.tif,both,val
E:\Projects-Seyed.Jasemi\Amir_Thesis\TUBITAK-1002\datasets\FASDD_RS\images\smoke_RS000364.tif,both,val
E:\Projects-Seyed.Jasemi\Amir_Thesis\TUBITAK-1002\datasets\FASDD_RS\images\smoke_RS000365.tif,both,val
E:\Projects-Seyed.Jasemi\Amir_Thesis\TUBITAK-1002\datasets\FASDD_RS\images\smoke_RS000366.tif,both,train
E:\Projects-Seyed.Jasemi\Amir_Thesis\TUBITAK-1002\datasets\FASDD_RS\images\smoke_RS000367.tif,both,val
E:\Projects-Seyed.Jasemi\Amir_Thesis\TUBITAK-1002\datasets\FASDD_RS\images\smoke_RS000368.tif,both,train
E:\Projects-Seyed.Jasemi\Amir_Thesis\TUBITAK-1002\datasets\FASDD_RS\images\smoke_RS000369.tif,both,val
E:\Projects-Seyed.Jasemi\Amir_Thesis\TUBITAK-1002\datasets\FASDD_RS\images\smoke_RS000370.tif,both,test
E:\Projects-Seyed.Jasemi\Amir_Thesis\TUBITAK-1002\datasets\FASDD_RS\images\smoke_RS000371.tif,both,train
E:\Projects-Seyed.Jasemi\Amir_Thesis\TUBITAK-1002\datasets\FASDD_RS\images\smoke_RS000372.tif,smoke,train
E:\Projects-Seyed.Jasemi\Amir_Thesis\TUBITAK-1002\datasets\FASDD_RS\images\smoke_RS000373.tif,both,train
E:\Projects-Seyed.Jasemi\Amir_Thesis\TUBITAK-1002\datasets\FASDD_RS\images\smoke_RS000374.tif,both,train
E:\Projects-Seyed.Jasemi\Amir_Thesis\TUBITAK-1002\datasets\FASDD_RS\images\smoke_RS000375.tif,smoke,train
E:\Projects-Seyed.Jasemi\Amir_Thesis\TUBITAK-1002\datasets\FASDD_RS\images\smoke_RS000376.tif,both,train
E:\Projects-Seyed.Jasemi\Amir_Thesis\TUBITAK-1002\datasets\FASDD_RS\images\smoke_RS000377.tif,both,val
E:\Projects-Seyed.Jasemi\Amir_Thesis\TUBITAK-1002\datasets\FASDD_RS\images\smoke_RS000378.tif,both,test
E:\Projects-Seyed.Jasemi\Amir_Thesis\TUBITAK-1002\datasets\FASDD_RS\images\smoke_RS000379.tif,both,train
E:\Projects-Seyed.Jasemi\Amir_Thesis\TUBITAK-1002\datasets\FASDD_RS\images\smoke_RS000380.tif,both,test
E:\Projects-Seyed.Jasemi\Amir_Thesis\TUBITAK-1002\datasets\FASDD_RS\images\smoke_RS000381.tif,both,train
E:\Projects-Seyed.Jasemi\Amir_Thesis\TUBITAK-1002\datasets\FASDD_RS\images\smoke_RS000382.tif,both,val
E:\Projects-Seyed.Jasemi\Amir_Thesis\TUBITAK-1002\datasets\FASDD_RS\images\smoke_RS000383.tif,both,train
E:\Projects-Seyed.Jasemi\Amir_Thesis\TUBITAK-1002\datasets\FASDD_RS\images\smoke_RS000384.tif,both,val
E:\Projects-Seyed.Jasemi\Amir_Thesis\TUBITAK-1002\datasets\FASDD_RS\images\smoke_RS000385.tif,both,test
E:\Projects-Seyed.Jasemi\Amir_Thesis\TUBITAK-1002\datasets\FASDD_RS\images\smoke_RS000386.tif,both,val
E:\Projects-Seyed.Jasemi\Amir_Thesis\TUBITAK-1002\datasets\FASDD_RS\images\smoke_RS000387.tif,both,val
E:\Projects-Seyed.Jasemi\Amir_Thesis\TUBITAK-1002\datasets\FASDD_RS\images\smoke_RS000388.tif,both,test
E:\Projects-Seyed.Jasemi\Amir_Thesis\TUBITAK-1002\datasets\FASDD_RS\images\smoke_RS000389.tif,both,train
E:\Projects-Seyed.Jasemi\Amir_Thesis\TUBITAK-1002\datasets\FASDD_RS\images\smoke_RS000390.tif,both,train
E:\Projects-Seyed.Jasemi\Amir_Thesis\TUBITAK-1002\datasets\FASDD_RS\images\smoke_RS000391.tif,both,val
E:\Projects-Seyed.Jasemi\Amir_Thesis\TUBITAK-1002\datasets\FASDD_RS\images\smoke_RS000392.tif,both,val
E:\Projects-Seyed.Jasemi\Amir_Thesis\TUBITAK-1002\datasets\FASDD_RS\images\smoke_RS000393.tif,both,val
E:\Projects-Seyed.Jasemi\Amir_Thesis\TUBITAK-1002\datasets\FASDD_RS\images\smoke_RS000394.tif,both,train
E:\Projects-Seyed.Jasemi\Amir_Thesis\TUBITAK-1002\datasets\FASDD_RS\images\smoke_RS000395.tif,both,train
E:\Projects-Seyed.Jasemi\Amir_Thesis\TUBITAK-1002\datasets\FASDD_RS\images\smoke_RS000396.tif,both,train
E:\Projects-Seyed.Jasemi\Amir_Thesis\TUBITAK-1002\datasets\FASDD_RS\images\smoke_RS000397.tif,smoke,val
E:\Projects-Seyed.Jasemi\Amir_Thesis\TUBITAK-1002\datasets\FASDD_RS\images\smoke_RS000398.tif,both,train
E:\Projects-Seyed.Jasemi\Amir_Thesis\TUBITAK-1002\datasets\FASDD_RS\images\smoke_RS000399.tif,both,val
E:\Projects-Seyed.Jasemi\Amir_Thesis\TUBITAK-1002\datasets\FASDD_RS\images\smoke_RS000400.tif,both,val
E:\Projects-Seyed.Jasemi\Amir_Thesis\TUBITAK-1002\datasets\FASDD_RS\images\smoke_RS000401.tif,both,train
E:\Projects-Seyed.Jasemi\Amir_Thesis\TUBITAK-1002\datasets\FASDD_RS\images\smoke_RS000402.tif,both,train
E:\Projects-Seyed.Jasemi\Amir_Thesis\TUBITAK-1002\datasets\FASDD_RS\images\smoke_RS000403.tif,both,val
E:\Projects-Seyed.Jasemi\Amir_Thesis\TUBITAK-1002\datasets\FASDD_RS\images\smoke_RS000404.tif,both,train
E:\Projects-Seyed.Jasemi\Amir_Thesis\TUBITAK-1002\datasets\FASDD_RS\images\smoke_RS000405.tif,both,val
E:\Projects-Seyed.Jasemi\Amir_Thesis\TUBITAK-1002\datasets\FASDD_RS\images\smoke_RS000406.tif,both,val
E:\Projects-Seyed.Jasemi\Amir_Thesis\TUBITAK-1002\datasets\FASDD_RS\images\smoke_RS000407.tif,both,val
E:\Projects-Seyed.Jasemi\Amir_Thesis\TUBITAK-1002\datasets\FASDD_RS\images\smoke_RS000408.tif,both,test
E:\Projects-Seyed.Jasemi\Amir_Thesis\TUBITAK-1002\datasets\FASDD_RS\images\smoke_RS000409.tif,both,test
E:\Projects-Seyed.Jasemi\Amir_Thesis\TUBITAK-1002\datasets\FASDD_RS\images\smoke_RS000410.tif,both,test
E:\Projects-Seyed.Jasemi\Amir_Thesis\TUBITAK-1002\datasets\FASDD_RS\images\smoke_RS000411.tif,both,val
E:\Projects-Seyed.Jasemi\Amir_Thesis\TUBITAK-1002\datasets\FASDD_RS\images\smoke_RS000412.tif,both,train
E:\Projects-Seyed.Jasemi\Amir_Thesis\TUBITAK-1002\datasets\FASDD_RS\images\smoke_RS000413.tif,smoke,train
E:\Projects-Seyed.Jasemi\Amir_Thesis\TUBITAK-1002\datasets\FASDD_RS\images\smoke_RS000414.tif,both,train
E:\Projects-Seyed.Jasemi\Amir_Thesis\TUBITAK-1002\datasets\FASDD_RS\images\smoke_RS000415.tif,smoke,train
E:\Projects-Seyed.Jasemi\Amir_Thesis\TUBITAK-1002\datasets\FASDD_RS\images\smoke_RS000416.tif,both,train
E:\Projects-Seyed.Jasemi\Amir_Thesis\TUBITAK-1002\datasets\FASDD_RS\images\smoke_RS000417.tif,both,train
E:\Projects-Seyed.Jasemi\Amir_Thesis\TUBITAK-1002\datasets\FASDD_RS\images\smoke_RS000418.tif,both,val
E:\Projects-Seyed.Jasemi\Amir_Thesis\TUBITAK-1002\datasets\FASDD_RS\images\smoke_RS000419.tif,both,train
E:\Projects-Seyed.Jasemi\Amir_Thesis\TUBITAK-1002\datasets\FASDD_RS\images\smoke_RS000420.tif,both,test
E:\Projects-Seyed.Jasemi\Amir_Thesis\TUBITAK-1002\datasets\FASDD_RS\images\smoke_RS000421.tif,smoke,test
E:\Projects-Seyed.Jasemi\Amir_Thesis\TUBITAK-1002\datasets\FASDD_RS\images\smoke_RS000422.tif,smoke,val
E:\Projects-Seyed.Jasemi\Amir_Thesis\TUBITAK-1002\datasets\FASDD_RS\images\smoke_RS000423.tif,smoke,train
E:\Projects-Seyed.Jasemi\Amir_Thesis\TUBITAK-1002\datasets\FASDD_RS\images\smoke_RS000424.tif,smoke,train
E:\Projects-Seyed.Jasemi\Amir_Thesis\TUBITAK-1002\datasets\FASDD_RS\images\smoke_RS000425.tif,both,train
E:\Projects-Seyed.Jasemi\Amir_Thesis\TUBITAK-1002\datasets\FASDD_RS\images\smoke_RS000426.tif,both,val
E:\Projects-Seyed.Jasemi\Amir_Thesis\TUBITAK-1002\datasets\FASDD_RS\images\smoke_RS000427.tif,both,train
E:\Projects-Seyed.Jasemi\Amir_Thesis\TUBITAK-1002\datasets\FASDD_RS\images\smoke_RS000428.tif,both,test
E:\Projects-Seyed.Jasemi\Amir_Thesis\TUBITAK-1002\datasets\FASDD_RS\images\smoke_RS000429.tif,both,test
E:\Projects-Seyed.Jasemi\Amir_Thesis\TUBITAK-1002\datasets\FASDD_RS\images\smoke_RS000430.tif,both,val
E:\Projects-Seyed.Jasemi\Amir_Thesis\TUBITAK-1002\datasets\FASDD_RS\images\smoke_RS000431.tif,both,train
E:\Projects-Seyed.Jasemi\Amir_Thesis\TUBITAK-1002\datasets\FASDD_RS\images\smoke_RS000432.tif,both,train
E:\Projects-Seyed.Jasemi\Amir_Thesis\TUBITAK-1002\datasets\FASDD_RS\images\smoke_RS000433.tif,both,train
E:\Projects-Seyed.Jasemi\Amir_Thesis\TUBITAK-1002\datasets\FASDD_RS\images\smoke_RS000434.tif,both,test
E:\Projects-Seyed.Jasemi\Amir_Thesis\TUBITAK-1002\datasets\FASDD_RS\images\smoke_RS000435.tif,both,train
E:\Projects-Seyed.Jasemi\Amir_Thesis\TUBITAK-1002\datasets\FASDD_RS\images\smoke_RS000436.tif,both,val
E:\Projects-Seyed.Jasemi\Amir_Thesis\TUBITAK-1002\datasets\FASDD_RS\images\smoke_RS000437.tif,smoke,train
E:\Projects-Seyed.Jasemi\Amir_Thesis\TUBITAK-1002\datasets\FASDD_RS\images\smoke_RS000438.tif,both,train
E:\Projects-Seyed.Jasemi\Amir_Thesis\TUBITAK-1002\datasets\FASDD_RS\images\smoke_RS000439.tif,both,train
E:\Projects-Seyed.Jasemi\Amir_Thesis\TUBITAK-1002\datasets\FASDD_RS\images\smoke_RS000440.tif,both,val
E:\Projects-Seyed.Jasemi\Amir_Thesis\TUBITAK-1002\datasets\FASDD_RS\images\smoke_RS000441.tif,both,val
E:\Projects-Seyed.Jasemi\Amir_Thesis\TUBITAK-1002\datasets\FASDD_RS\images\smoke_RS000442.tif,both,train
E:\Projects-Seyed.Jasemi\Amir_Thesis\TUBITAK-1002\datasets\FASDD_RS\images\smoke_RS000443.tif,both,test
E:\Projects-Seyed.Jasemi\Amir_Thesis\TUBITAK-1002\datasets\FASDD_RS\images\smoke_RS000444.tif,smoke,train
E:\Projects-Seyed.Jasemi\Amir_Thesis\TUBITAK-1002\datasets\FASDD_RS\images\smoke_RS000445.tif,both,test
E:\Projects-Seyed.Jasemi\Amir_Thesis\TUBITAK-1002\datasets\FASDD_RS\images\smoke_RS000446.tif,both,train
E:\Projects-Seyed.Jasemi\Amir_Thesis\TUBITAK-1002\datasets\FASDD_RS\images\smoke_RS000447.tif,both,train
E:\Projects-Seyed.Jasemi\Amir_Thesis\TUBITAK-1002\datasets\FASDD_RS\images\smoke_RS000448.tif,both,test
E:\Projects-Seyed.Jasemi\Amir_Thesis\TUBITAK-1002\datasets\FASDD_RS\images\smoke_RS000449.tif,both,val
E:\Projects-Seyed.Jasemi\Amir_Thesis\TUBITAK-1002\datasets\FASDD_RS\images\smoke_RS000450.tif,both,train
E:\Projects-Seyed.Jasemi\Amir_Thesis\TUBITAK-1002\datasets\FASDD_RS\images\smoke_RS000451.tif,both,test
E:\Projects-Seyed.Jasemi\Amir_Thesis\TUBITAK-1002\datasets\FASDD_RS\images\smoke_RS000452.tif,both,train
E:\Projects-Seyed.Jasemi\Amir_Thesis\TUBITAK-1002\datasets\FASDD_RS\images\smoke_RS000453.tif,both,train
E:\Projects-Seyed.Jasemi\Amir_Thesis\TUBITAK-1002\datasets\FASDD_RS\images\smoke_RS000454.tif,both,test
E:\Projects-Seyed.Jasemi\Amir_Thesis\TUBITAK-1002\datasets\FASDD_RS\images\smoke_RS000455.tif,both,val
E:\Projects-Seyed.Jasemi\Amir_Thesis\TUBITAK-1002\datasets\FASDD_RS\images\smoke_RS000456.tif,both,train
E:\Projects-Seyed.Jasemi\Amir_Thesis\TUBITAK-1002\datasets\FASDD_RS\images\smoke_RS000457.tif,both,test
E:\Projects-Seyed.Jasemi\Amir_Thesis\TUBITAK-1002\datasets\FASDD_RS\images\smoke_RS000458.tif,both,val
E:\Projects-Seyed.Jasemi\Amir_Thesis\TUBITAK-1002\datasets\FASDD_RS\images\smoke_RS000459.tif,both,train
E:\Projects-Seyed.Jasemi\Amir_Thesis\TUBITAK-1002\datasets\FASDD_RS\images\smoke_RS000460.tif,both,val
E:\Projects-Seyed.Jasemi\Amir_Thesis\TUBITAK-1002\datasets\FASDD_RS\images\smoke_RS000461.tif,both,test
E:\Projects-Seyed.Jasemi\Amir_Thesis\TUBITAK-1002\datasets\FASDD_RS\images\smoke_RS000462.tif,both,train
E:\Projects-Seyed.Jasemi\Amir_Thesis\TUBITAK-1002\datasets\FASDD_RS\images\smoke_RS000463.tif,both,train
E:\Projects-Seyed.Jasemi\Amir_Thesis\TUBITAK-1002\datasets\FASDD_RS\images\smoke_RS000464.tif,both,test
E:\Projects-Seyed.Jasemi\Amir_Thesis\TUBITAK-1002\datasets\FASDD_RS\images\smoke_RS000465.tif,both,train
E:\Projects-Seyed.Jasemi\Amir_Thesis\TUBITAK-1002\datasets\FASDD_RS\images\smoke_RS000466.tif,both,val
E:\Projects-Seyed.Jasemi\Amir_Thesis\TUBITAK-1002\datasets\FASDD_RS\images\smoke_RS000467.tif,both,train
E:\Projects-Seyed.Jasemi\Amir_Thesis\TUBITAK-1002\datasets\FASDD_RS\images\smoke_RS000468.tif,both,test
E:\Projects-Seyed.Jasemi\Amir_Thesis\TUBITAK-1002\datasets\FASDD_RS\images\smoke_RS000469.tif,both,train
E:\Projects-Seyed.Jasemi\Amir_Thesis\TUBITAK-1002\datasets\FASDD_RS\images\smoke_RS000470.tif,both,test
E:\Projects-Seyed.Jasemi\Amir_Thesis\TUBITAK-1002\datasets\FASDD_RS\images\smoke_RS000471.tif,both,train
E:\Projects-Seyed.Jasemi\Amir_Thesis\TUBITAK-1002\datasets\FASDD_RS\images\smoke_RS000472.tif,both,test
E:\Projects-Seyed.Jasemi\Amir_Thesis\TUBITAK-1002\datasets\FASDD_RS\images\smoke_RS000473.tif,both,train
E:\Projects-Seyed.Jasemi\Amir_Thesis\TUBITAK-1002\datasets\FASDD_RS\images\smoke_RS000474.tif,both,train
E:\Projects-Seyed.Jasemi\Amir_Thesis\TUBITAK-1002\datasets\FASDD_RS\images\smoke_RS000475.tif,both,test
E:\Projects-Seyed.Jasemi\Amir_Thesis\TUBITAK-1002\datasets\FASDD_RS\images\smoke_RS000476.tif,both,train
E:\Projects-Seyed.Jasemi\Amir_Thesis\TUBITAK-1002\datasets\FASDD_RS\images\smoke_RS000477.tif,both,test
E:\Projects-Seyed.Jasemi\Amir_Thesis\TUBITAK-1002\datasets\FASDD_RS\images\smoke_RS000478.tif,both,train
E:\Projects-Seyed.Jasemi\Amir_Thesis\TUBITAK-1002\datasets\FASDD_RS\images\smoke_RS000479.tif,both,train
E:\Projects-Seyed.Jasemi\Amir_Thesis\TUBITAK-1002\datasets\FASDD_RS\images\smoke_RS000480.tif,both,val
E:\Projects-Seyed.Jasemi\Amir_Thesis\TUBITAK-1002\datasets\FASDD_RS\images\smoke_RS000481.tif,both,val
E:\Projects-Seyed.Jasemi\Amir_Thesis\TUBITAK-1002\datasets\FASDD_RS\images\smoke_RS000482.tif,both,train
E:\Projects-Seyed.Jasemi\Amir_Thesis\TUBITAK-1002\datasets\FASDD_RS\images\smoke_RS000483.tif,both,train
E:\Projects-Seyed.Jasemi\Amir_Thesis\TUBITAK-1002\datasets\FASDD_RS\images\smoke_RS000484.tif,both,train
E:\Projects-Seyed.Jasemi\Amir_Thesis\TUBITAK-1002\datasets\FASDD_RS\images\smoke_RS000485.tif,both,train
E:\Projects-Seyed.Jasemi\Amir_Thesis\TUBITAK-1002\datasets\FASDD_RS\images\smoke_RS000486.tif,both,train
E:\Projects-Seyed.Jasemi\Amir_Thesis\TUBITAK-1002\datasets\FASDD_RS\images\smoke_RS000487.tif,both,train
E:\Projects-Seyed.Jasemi\Amir_Thesis\TUBITAK-1002\datasets\FASDD_RS\images\smoke_RS000488.tif,both,train
E:\Projects-Seyed.Jasemi\Amir_Thesis\TUBITAK-1002\datasets\FASDD_RS\images\smoke_RS000489.tif,both,train
E:\Projects-Seyed.Jasemi\Amir_Thesis\TUBITAK-1002\datasets\FASDD_RS\images\smoke_RS000490.tif,both,val
E:\Projects-Seyed.Jasemi\Amir_Thesis\TUBITAK-1002\datasets\FASDD_RS\images\smoke_RS000491.tif,both,train
E:\Projects-Seyed.Jasemi\Amir_Thesis\TUBITAK-1002\datasets\FASDD_RS\images\smoke_RS000492.tif,both,train
E:\Projects-Seyed.Jasemi\Amir_Thesis\TUBITAK-1002\datasets\FASDD_RS\images\smoke_RS000493.tif,smoke,train
E:\Projects-Seyed.Jasemi\Amir_Thesis\TUBITAK-1002\datasets\FASDD_RS\images\smoke_RS000494.tif,smoke,val
E:\Projects-Seyed.Jasemi\Amir_Thesis\TUBITAK-1002\datasets\FASDD_RS\images\smoke_RS000495.tif,both,train
E:\Projects-Seyed.Jasemi\Amir_Thesis\TUBITAK-1002\datasets\FASDD_RS\images\smoke_RS000496.tif,both,train
E:\Projects-Seyed.Jasemi\Amir_Thesis\TUBITAK-1002\datasets\FASDD_RS\images\smoke_RS000497.tif,smoke,test
E:\Projects-Seyed.Jasemi\Amir_Thesis\TUBITAK-1002\datasets\FASDD_RS\images\smoke_RS000498.tif,both,train
E:\Projects-Seyed.Jasemi\Amir_Thesis\TUBITAK-1002\datasets\FASDD_RS\images\smoke_RS000499.tif,both,val
E:\Projects-Seyed.Jasemi\Amir_Thesis\TUBITAK-1002\datasets\FASDD_RS\images\smoke_RS000500.tif,both,train
E:\Projects-Seyed.Jasemi\Amir_Thesis\TUBITAK-1002\datasets\FASDD_RS\images\smoke_RS000501.tif,both,train
E:\Projects-Seyed.Jasemi\Amir_Thesis\TUBITAK-1002\datasets\FASDD_RS\images\smoke_RS000502.tif,both,val
E:\Projects-Seyed.Jasemi\Amir_Thesis\TUBITAK-1002\datasets\FASDD_RS\images\smoke_RS000503.tif,both,train
E:\Projects-Seyed.Jasemi\Amir_Thesis\TUBITAK-1002\datasets\FASDD_RS\images\smoke_RS000504.tif,both,train
E:\Projects-Seyed.Jasemi\Amir_Thesis\TUBITAK-1002\datasets\FASDD_RS\images\smoke_RS000505.tif,both,val
E:\Projects-Seyed.Jasemi\Amir_Thesis\TUBITAK-1002\datasets\FASDD_RS\images\smoke_RS000506.tif,both,val
E:\Projects-Seyed.Jasemi\Amir_Thesis\TUBITAK-1002\datasets\FASDD_RS\images\smoke_RS000507.tif,both,train
E:\Projects-Seyed.Jasemi\Amir_Thesis\TUBITAK-1002\datasets\FASDD_RS\images\smoke_RS000508.tif,both,train
E:\Projects-Seyed.Jasemi\Amir_Thesis\TUBITAK-1002\datasets\FASDD_RS\images\smoke_RS000509.tif,smoke,train
E:\Projects-Seyed.Jasemi\Amir_Thesis\TUBITAK-1002\datasets\FASDD_RS\images\smoke_RS000510.tif,smoke,train
E:\Projects-Seyed.Jasemi\Amir_Thesis\TUBITAK-1002\datasets\FASDD_RS\images\smoke_RS000511.tif,smoke,test
E:\Projects-Seyed.Jasemi\Amir_Thesis\TUBITAK-1002\datasets\FASDD_RS\images\smoke_RS000512.tif,both,val
E:\Projects-Seyed.Jasemi\Amir_Thesis\TUBITAK-1002\datasets\FASDD_RS\images\smoke_RS000513.tif,both,val
E:\Projects-Seyed.Jasemi\Amir_Thesis\TUBITAK-1002\datasets\FASDD_RS\images\smoke_RS000514.tif,both,train
E:\Projects-Seyed.Jasemi\Amir_Thesis\TUBITAK-1002\datasets\FASDD_RS\images\smoke_RS000515.tif,both,train
E:\Projects-Seyed.Jasemi\Amir_Thesis\TUBITAK-1002\datasets\FASDD_RS\images\smoke_RS000516.tif,both,test
E:\Projects-Seyed.Jasemi\Amir_Thesis\TUBITAK-1002\datasets\FASDD_RS\images\smoke_RS000517.tif,both,train
E:\Projects-Seyed.Jasemi\Amir_Thesis\TUBITAK-1002\datasets\FASDD_RS\images\smoke_RS000518.tif,both,val
E:\Projects-Seyed.Jasemi\Amir_Thesis\TUBITAK-1002\datasets\FASDD_RS\images\smoke_RS000519.tif,both,test
E:\Projects-Seyed.Jasemi\Amir_Thesis\TUBITAK-1002\datasets\FASDD_RS\images\smoke_RS000520.tif,both,train
E:\Projects-Seyed.Jasemi\Amir_Thesis\TUBITAK-1002\datasets\FASDD_RS\images\smoke_RS000521.tif,both,val
E:\Projects-Seyed.Jasemi\Amir_Thesis\TUBITAK-1002\datasets\FASDD_RS\images\smoke_RS000522.tif,smoke,test
E:\Projects-Seyed.Jasemi\Amir_Thesis\TUBITAK-1002\datasets\FASDD_RS\images\smoke_RS000523.tif,both,val
E:\Projects-Seyed.Jasemi\Amir_Thesis\TUBITAK-1002\datasets\FASDD_RS\images\smoke_RS000524.tif,both,train
E:\Projects-Seyed.Jasemi\Amir_Thesis\TUBITAK-1002\datasets\FASDD_RS\images\smoke_RS000525.tif,both,train
E:\Projects-Seyed.Jasemi\Amir_Thesis\TUBITAK-1002\datasets\FASDD_RS\images\smoke_RS000526.tif,both,val
E:\Projects-Seyed.Jasemi\Amir_Thesis\TUBITAK-1002\datasets\FASDD_RS\images\smoke_RS000527.tif,both,val
E:\Projects-Seyed.Jasemi\Amir_Thesis\TUBITAK-1002\datasets\FASDD_RS\images\smoke_RS000528.tif,both,train
E:\Projects-Seyed.Jasemi\Amir_Thesis\TUBITAK-1002\datasets\FASDD_RS\images\smoke_RS000529.tif,both,test
E:\Projects-Seyed.Jasemi\Amir_Thesis\TUBITAK-1002\datasets\FASDD_RS\images\smoke_RS000530.tif,both,train
E:\Projects-Seyed.Jasemi\Amir_Thesis\TUBITAK-1002\datasets\FASDD_RS\images\smoke_RS000531.tif,both,train
E:\Projects-Seyed.Jasemi\Amir_Thesis\TUBITAK-1002\datasets\FASDD_RS\images\smoke_RS000532.tif,both,train
E:\Projects-Seyed.Jasemi\Amir_Thesis\TUBITAK-1002\datasets\FASDD_RS\images\smoke_RS000533.tif,both,train
E:\Projects-Seyed.Jasemi\Amir_Thesis\TUBITAK-1002\datasets\FASDD_RS\images\smoke_RS000534.tif,both,train
E:\Projects-Seyed.Jasemi\Amir_Thesis\TUBITAK-1002\datasets\FASDD_RS\images\smoke_RS000535.tif,both,train
E:\Projects-Seyed.Jasemi\Amir_Thesis\TUBITAK-1002\datasets\FASDD_RS\images\smoke_RS000536.tif,smoke,val
E:\Projects-Seyed.Jasemi\Amir_Thesis\TUBITAK-1002\datasets\FASDD_RS\images\smoke_RS000537.tif,both,train
E:\Projects-Seyed.Jasemi\Amir_Thesis\TUBITAK-1002\datasets\FASDD_RS\images\smoke_RS000538.tif,both,train
E:\Projects-Seyed.Jasemi\Amir_Thesis\TUBITAK-1002\datasets\FASDD_RS\images\smoke_RS000539.tif,both,train
E:\Projects-Seyed.Jasemi\Amir_Thesis\TUBITAK-1002\datasets\FASDD_RS\images\smoke_RS000540.tif,both,train
E:\Projects-Seyed.Jasemi\Amir_Thesis\TUBITAK-1002\datasets\FASDD_RS\images\smoke_RS000541.tif,smoke,val
E:\Projects-Seyed.Jasemi\Amir_Thesis\TUBITAK-1002\datasets\FASDD_RS\images\smoke_RS000542.tif,both,train
E:\Projects-Seyed.Jasemi\Amir_Thesis\TUBITAK-1002\datasets\FASDD_RS\images\smoke_RS000543.tif,smoke,train
E:\Projects-Seyed.Jasemi\Amir_Thesis\TUBITAK-1002\datasets\FASDD_RS\images\smoke_RS000544.tif,both,train
E:\Projects-Seyed.Jasemi\Amir_Thesis\TUBITAK-1002\datasets\FASDD_RS\images\smoke_RS000545.tif,both,test
E:\Projects-Seyed.Jasemi\Amir_Thesis\TUBITAK-1002\datasets\FASDD_RS\images\smoke_RS000546.tif,both,val
E:\Projects-Seyed.Jasemi\Amir_Thesis\TUBITAK-1002\datasets\FASDD_RS\images\smoke_RS000547.tif,both,train
E:\Projects-Seyed.Jasemi\Amir_Thesis\TUBITAK-1002\datasets\FASDD_RS\images\smoke_RS000548.tif,both,val
E:\Projects-Seyed.Jasemi\Amir_Thesis\TUBITAK-1002\datasets\FASDD_RS\images\smoke_RS000549.tif,both,train
E:\Projects-Seyed.Jasemi\Amir_Thesis\TUBITAK-1002\datasets\FASDD_RS\images\smoke_RS000550.tif,both,test
E:\Projects-Seyed.Jasemi\Amir_Thesis\TUBITAK-1002\datasets\FASDD_RS\images\smoke_RS000551.tif,both,test
E:\Projects-Seyed.Jasemi\Amir_Thesis\TUBITAK-1002\datasets\FASDD_RS\images\smoke_RS000552.tif,both,train
E:\Projects-Seyed.Jasemi\Amir_Thesis\TUBITAK-1002\datasets\FASDD_RS\images\smoke_RS000553.tif,smoke,train
E:\Projects-Seyed.Jasemi\Amir_Thesis\TUBITAK-1002\datasets\FASDD_RS\images\smoke_RS000554.tif,smoke,val
E:\Projects-Seyed.Jasemi\Amir_Thesis\TUBITAK-1002\datasets\FASDD_RS\images\smoke_RS000555.tif,both,val
E:\Projects-Seyed.Jasemi\Amir_Thesis\TUBITAK-1002\datasets\FASDD_RS\images\smoke_RS000556.tif,both,train
E:\Projects-Seyed.Jasemi\Amir_Thesis\TUBITAK-1002\datasets\FASDD_RS\images\smoke_RS000557.tif,both,val
E:\Projects-Seyed.Jasemi\Amir_Thesis\TUBITAK-1002\datasets\FASDD_RS\images\smoke_RS000558.tif,both,test
E:\Projects-Seyed.Jasemi\Amir_Thesis\TUBITAK-1002\datasets\FASDD_RS\images\smoke_RS000559.tif,both,train
E:\Projects-Seyed.Jasemi\Amir_Thesis\TUBITAK-1002\datasets\FASDD_RS\images\smoke_RS000560.tif,both,train
E:\Projects-Seyed.Jasemi\Amir_Thesis\TUBITAK-1002\datasets\FASDD_RS\images\smoke_RS000561.tif,both,train
E:\Projects-Seyed.Jasemi\Amir_Thesis\TUBITAK-1002\datasets\FASDD_RS\images\smoke_RS000562.tif,both,val
E:\Projects-Seyed.Jasemi\Amir_Thesis\TUBITAK-1002\datasets\FASDD_RS\images\smoke_RS000563.tif,both,train
E:\Projects-Seyed.Jasemi\Amir_Thesis\TUBITAK-1002\datasets\FASDD_RS\images\smoke_RS000564.tif,both,val
E:\Projects-Seyed.Jasemi\Amir_Thesis\TUBITAK-1002\datasets\FASDD_RS\images\smoke_RS000565.tif,both,val
E:\Projects-Seyed.Jasemi\Amir_Thesis\TUBITAK-1002\datasets\FASDD_RS\images\smoke_RS000566.tif,both,val
E:\Projects-Seyed.Jasemi\Amir_Thesis\TUBITAK-1002\datasets\FASDD_RS\images\smoke_RS000567.tif,both,val
E:\Projects-Seyed.Jasemi\Amir_Thesis\TUBITAK-1002\datasets\FASDD_RS\images\smoke_RS000568.tif,smoke,train
E:\Projects-Seyed.Jasemi\Amir_Thesis\TUBITAK-1002\datasets\FASDD_RS\images\smoke_RS000569.tif,both,train
E:\Projects-Seyed.Jasemi\Amir_Thesis\TUBITAK-1002\datasets\FASDD_RS\images\smoke_RS000570.tif,smoke,train
E:\Projects-Seyed.Jasemi\Amir_Thesis\TUBITAK-1002\datasets\FASDD_RS\images\smoke_RS000571.tif,both,train
E:\Projects-Seyed.Jasemi\Amir_Thesis\TUBITAK-1002\datasets\FASDD_RS\images\smoke_RS000572.tif,smoke,val
E:\Projects-Seyed.Jasemi\Amir_Thesis\TUBITAK-1002\datasets\FASDD_RS\images\smoke_RS000573.tif,both,val
E:\Projects-Seyed.Jasemi\Amir_Thesis\TUBITAK-1002\datasets\FASDD_RS\images\smoke_RS000574.tif,both,train
E:\Projects-Seyed.Jasemi\Amir_Thesis\TUBITAK-1002\datasets\FASDD_RS\images\smoke_RS000575.tif,both,test
E:\Projects-Seyed.Jasemi\Amir_Thesis\TUBITAK-1002\datasets\FASDD_RS\images\smoke_RS000576.tif,smoke,val
E:\Projects-Seyed.Jasemi\Amir_Thesis\TUBITAK-1002\datasets\FASDD_RS\images\smoke_RS000577.tif,smoke,val
E:\Projects-Seyed.Jasemi\Amir_Thesis\TUBITAK-1002\datasets\FASDD_RS\images\smoke_RS000578.tif,both,train
E:\Projects-Seyed.Jasemi\Amir_Thesis\TUBITAK-1002\datasets\FASDD_RS\images\smoke_RS000579.tif,both,train
E:\Projects-Seyed.Jasemi\Amir_Thesis\TUBITAK-1002\datasets\FASDD_RS\images\smoke_RS000580.tif,both,train
E:\Projects-Seyed.Jasemi\Amir_Thesis\TUBITAK-1002\datasets\FASDD_RS\images\smoke_RS000581.tif,both,test
E:\Projects-Seyed.Jasemi\Amir_Thesis\TUBITAK-1002\datasets\FASDD_RS\images\smoke_RS000582.tif,both,val
E:\Projects-Seyed.Jasemi\Amir_Thesis\TUBITAK-1002\datasets\FASDD_RS\images\smoke_RS000583.tif,both,val
E:\Projects-Seyed.Jasemi\Amir_Thesis\TUBITAK-1002\datasets\FASDD_RS\images\smoke_RS000584.tif,both,val
E:\Projects-Seyed.Jasemi\Amir_Thesis\TUBITAK-1002\datasets\FASDD_RS\images\smoke_RS000585.tif,both,train
E:\Projects-Seyed.Jasemi\Amir_Thesis\TUBITAK-1002\datasets\FASDD_RS\images\smoke_RS000586.tif,both,train
E:\Projects-Seyed.Jasemi\Amir_Thesis\TUBITAK-1002\datasets\FASDD_RS\images\smoke_RS000587.tif,both,train
E:\Projects-Seyed.Jasemi\Amir_Thesis\TUBITAK-1002\datasets\FASDD_RS\images\smoke_RS000588.tif,both,val
E:\Projects-Seyed.Jasemi\Amir_Thesis\TUBITAK-1002\datasets\FASDD_RS\images\smoke_RS000589.tif,both,train
E:\Projects-Seyed.Jasemi\Amir_Thesis\TUBITAK-1002\datasets\FASDD_RS\images\smoke_RS000590.tif,both,train
E:\Projects-Seyed.Jasemi\Amir_Thesis\TUBITAK-1002\datasets\FASDD_RS\images\smoke_RS000591.tif,both,train
E:\Projects-Seyed.Jasemi\Amir_Thesis\TUBITAK-1002\datasets\FASDD_RS\images\smoke_RS000592.tif,both,val
E:\Projects-Seyed.Jasemi\Amir_Thesis\TUBITAK-1002\datasets\FASDD_RS\images\smoke_RS000593.tif,both,test
E:\Projects-Seyed.Jasemi\Amir_Thesis\TUBITAK-1002\datasets\FASDD_RS\images\smoke_RS000594.tif,both,test
E:\Projects-Seyed.Jasemi\Amir_Thesis\TUBITAK-1002\datasets\FASDD_RS\images\smoke_RS000595.tif,both,train
E:\Projects-Seyed.Jasemi\Amir_Thesis\TUBITAK-1002\datasets\FASDD_RS\images\smoke_RS000596.tif,both,val
E:\Projects-Seyed.Jasemi\Amir_Thesis\TUBITAK-1002\datasets\FASDD_RS\images\smoke_RS000597.tif,both,train
E:\Projects-Seyed.Jasemi\Amir_Thesis\TUBITAK-1002\datasets\FASDD_RS\images\smoke_RS000598.tif,both,train
E:\Projects-Seyed.Jasemi\Amir_Thesis\TUBITAK-1002\datasets\FASDD_RS\images\smoke_RS000599.tif,both,val
E:\Projects-Seyed.Jasemi\Amir_Thesis\TUBITAK-1002\datasets\FASDD_RS\images\smoke_RS000600.tif,both,train
E:\Projects-Seyed.Jasemi\Amir_Thesis\TUBITAK-1002\datasets\FASDD_RS\images\smoke_RS000601.tif,both,train
E:\Projects-Seyed.Jasemi\Amir_Thesis\TUBITAK-1002\datasets\FASDD_RS\images\smoke_RS000602.tif,both,val
E:\Projects-Seyed.Jasemi\Amir_Thesis\TUBITAK-1002\datasets\FASDD_RS\images\smoke_RS000603.tif,both,test
E:\Projects-Seyed.Jasemi\Amir_Thesis\TUBITAK-1002\datasets\FASDD_RS\images\smoke_RS000604.tif,both,train
E:\Projects-Seyed.Jasemi\Amir_Thesis\TUBITAK-1002\datasets\FASDD_RS\images\smoke_RS000605.tif,both,val
E:\Projects-Seyed.Jasemi\Amir_Thesis\TUBITAK-1002\datasets\FASDD_RS\images\smoke_RS000606.tif,both,val
E:\Projects-Seyed.Jasemi\Amir_Thesis\TUBITAK-1002\datasets\FASDD_RS\images\smoke_RS000607.tif,both,test
E:\Projects-Seyed.Jasemi\Amir_Thesis\TUBITAK-1002\datasets\FASDD_RS\images\smoke_RS000608.tif,both,val
E:\Projects-Seyed.Jasemi\Amir_Thesis\TUBITAK-1002\datasets\FASDD_RS\images\smoke_RS000609.tif,both,train
E:\Projects-Seyed.Jasemi\Amir_Thesis\TUBITAK-1002\datasets\FASDD_RS\images\smoke_RS000610.tif,both,test
E:\Projects-Seyed.Jasemi\Amir_Thesis\TUBITAK-1002\datasets\FASDD_RS\images\smoke_RS000611.tif,both,test
E:\Projects-Seyed.Jasemi\Amir_Thesis\TUBITAK-1002\datasets\FASDD_RS\images\smoke_RS000612.tif,smoke,train
E:\Projects-Seyed.Jasemi\Amir_Thesis\TUBITAK-1002\datasets\FASDD_RS\images\smoke_RS000613.tif,both,train
E:\Projects-Seyed.Jasemi\Amir_Thesis\TUBITAK-1002\datasets\FASDD_RS\images\smoke_RS000614.tif,both,train
E:\Projects-Seyed.Jasemi\Amir_Thesis\TUBITAK-1002\datasets\FASDD_RS\images\smoke_RS000615.tif,both,val
E:\Projects-Seyed.Jasemi\Amir_Thesis\TUBITAK-1002\datasets\FASDD_RS\images\smoke_RS000616.tif,both,val
E:\Projects-Seyed.Jasemi\Amir_Thesis\TUBITAK-1002\datasets\FASDD_RS\images\smoke_RS000617.tif,both,train
E:\Projects-Seyed.Jasemi\Amir_Thesis\TUBITAK-1002\datasets\FASDD_RS\images\smoke_RS000618.tif,both,train
E:\Projects-Seyed.Jasemi\Amir_Thesis\TUBITAK-1002\datasets\FASDD_RS\images\smoke_RS000619.tif,both,train
E:\Projects-Seyed.Jasemi\Amir_Thesis\TUBITAK-1002\datasets\FASDD_RS\images\smoke_RS000620.tif,both,val
E:\Projects-Seyed.Jasemi\Amir_Thesis\TUBITAK-1002\datasets\FASDD_RS\images\smoke_RS000621.tif,both,test
E:\Projects-Seyed.Jasemi\Amir_Thesis\TUBITAK-1002\datasets\FASDD_RS\images\smoke_RS000622.tif,both,train
E:\Projects-Seyed.Jasemi\Amir_Thesis\TUBITAK-1002\datasets\FASDD_RS\images\smoke_RS000623.tif,both,train
E:\Projects-Seyed.Jasemi\Amir_Thesis\TUBITAK-1002\datasets\FASDD_RS\images\smoke_RS000624.tif,smoke,train
E:\Projects-Seyed.Jasemi\Amir_Thesis\TUBITAK-1002\datasets\FASDD_RS\images\smoke_RS000625.tif,both,val
E:\Projects-Seyed.Jasemi\Amir_Thesis\TUBITAK-1002\datasets\FASDD_RS\images\smoke_RS000626.tif,smoke,val
E:\Projects-Seyed.Jasemi\Amir_Thesis\TUBITAK-1002\datasets\FASDD_RS\images\smoke_RS000627.tif,smoke,test
E:\Projects-Seyed.Jasemi\Amir_Thesis\TUBITAK-1002\datasets\FASDD_RS\images\smoke_RS000628.tif,smoke,train
E:\Projects-Seyed.Jasemi\Amir_Thesis\TUBITAK-1002\datasets\FASDD_RS\images\smoke_RS000629.tif,both,train
E:\Projects-Seyed.Jasemi\Amir_Thesis\TUBITAK-1002\datasets\FASDD_RS\images\smoke_RS000630.tif,both,train
E:\Projects-Seyed.Jasemi\Amir_Thesis\TUBITAK-1002\datasets\FASDD_RS\images\smoke_RS000631.tif,smoke,test
E:\Projects-Seyed.Jasemi\Amir_Thesis\TUBITAK-1002\datasets\FASDD_RS\images\smoke_RS000632.tif,both,val
E:\Projects-Seyed.Jasemi\Amir_Thesis\TUBITAK-1002\datasets\FASDD_RS\images\smoke_RS000633.tif,both,train
E:\Projects-Seyed.Jasemi\Amir_Thesis\TUBITAK-1002\datasets\FASDD_RS\images\smoke_RS000634.tif,both,train
E:\Projects-Seyed.Jasemi\Amir_Thesis\TUBITAK-1002\datasets\FASDD_RS\images\smoke_RS000635.tif,both,test
E:\Projects-Seyed.Jasemi\Amir_Thesis\TUBITAK-1002\datasets\FASDD_RS\images\smoke_RS000636.tif,smoke,train
E:\Projects-Seyed.Jasemi\Amir_Thesis\TUBITAK-1002\datasets\FASDD_RS\images\smoke_RS000637.tif,smoke,val
E:\Projects-Seyed.Jasemi\Amir_Thesis\TUBITAK-1002\datasets\FASDD_RS\images\smoke_RS000638.tif,both,test
E:\Projects-Seyed.Jasemi\Amir_Thesis\TUBITAK-1002\datasets\FASDD_RS\images\smoke_RS000639.tif,smoke,train
E:\Projects-Seyed.Jasemi\Amir_Thesis\TUBITAK-1002\datasets\FASDD_RS\images\smoke_RS000640.tif,both,train
E:\Projects-Seyed.Jasemi\Amir_Thesis\TUBITAK-1002\datasets\FASDD_RS\images\smoke_RS000641.tif,smoke,train
E:\Projects-Seyed.Jasemi\Amir_Thesis\TUBITAK-1002\datasets\FASDD_RS\images\smoke_RS000642.tif,both,val
E:\Projects-Seyed.Jasemi\Amir_Thesis\TUBITAK-1002\datasets\FASDD_RS\images\smoke_RS000643.tif,smoke,val
E:\Projects-Seyed.Jasemi\Amir_Thesis\TUBITAK-1002\datasets\FASDD_RS\images\smoke_RS000644.tif,both,val
E:\Projects-Seyed.Jasemi\Amir_Thesis\TUBITAK-1002\datasets\FASDD_RS\images\smoke_RS000645.tif,both,train
E:\Projects-Seyed.Jasemi\Amir_Thesis\TUBITAK-1002\datasets\FASDD_RS\images\smoke_RS000646.tif,smoke,train
E:\Projects-Seyed.Jasemi\Amir_Thesis\TUBITAK-1002\datasets\FASDD_RS\images\smoke_RS000647.tif,both,train
E:\Projects-Seyed.Jasemi\Amir_Thesis\TUBITAK-1002\datasets\FASDD_RS\images\smoke_RS000648.tif,both,train
E:\Projects-Seyed.Jasemi\Amir_Thesis\TUBITAK-1002\datasets\FASDD_RS\images\smoke_RS000649.tif,both,train
E:\Projects-Seyed.Jasemi\Amir_Thesis\TUBITAK-1002\datasets\FASDD_RS\images\smoke_RS000650.tif,both,test
E:\Projects-Seyed.Jasemi\Amir_Thesis\TUBITAK-1002\datasets\FASDD_RS\images\smoke_RS000651.tif,both,train
E:\Projects-Seyed.Jasemi\Amir_Thesis\TUBITAK-1002\datasets\FASDD_RS\images\smoke_RS000652.tif,both,val
E:\Projects-Seyed.Jasemi\Amir_Thesis\TUBITAK-1002\datasets\FASDD_RS\images\smoke_RS000653.tif,both,train
E:\Projects-Seyed.Jasemi\Amir_Thesis\TUBITAK-1002\datasets\FASDD_RS\images\smoke_RS000654.tif,both,val
E:\Projects-Seyed.Jasemi\Amir_Thesis\TUBITAK-1002\datasets\FASDD_RS\images\smoke_RS000655.tif,smoke,train
E:\Projects-Seyed.Jasemi\Amir_Thesis\TUBITAK-1002\datasets\FASDD_RS\images\smoke_RS000656.tif,both,val
E:\Projects-Seyed.Jasemi\Amir_Thesis\TUBITAK-1002\datasets\FASDD_RS\images\smoke_RS000657.tif,both,test
E:\Projects-Seyed.Jasemi\Amir_Thesis\TUBITAK-1002\datasets\FASDD_RS\images\smoke_RS000658.tif,both,val
E:\Projects-Seyed.Jasemi\Amir_Thesis\TUBITAK-1002\datasets\FASDD_RS\images\smoke_RS000659.tif,both,test
E:\Projects-Seyed.Jasemi\Amir_Thesis\TUBITAK-1002\datasets\FASDD_RS\images\smoke_RS000660.tif,both,val
E:\Projects-Seyed.Jasemi\Amir_Thesis\TUBITAK-1002\datasets\FASDD_RS\images\smoke_RS000661.tif,both,val
E:\Projects-Seyed.Jasemi\Amir_Thesis\TUBITAK-1002\datasets\FASDD_RS\images\smoke_RS000662.tif,smoke,train
E:\Projects-Seyed.Jasemi\Amir_Thesis\TUBITAK-1002\datasets\FASDD_RS\images\smoke_RS000663.tif,smoke,train
E:\Projects-Seyed.Jasemi\Amir_Thesis\TUBITAK-1002\datasets\FASDD_RS\images\smoke_RS000664.tif,both,val
E:\Projects-Seyed.Jasemi\Amir_Thesis\TUBITAK-1002\datasets\FASDD_RS\images\smoke_RS000665.tif,smoke,train
E:\Projects-Seyed.Jasemi\Amir_Thesis\TUBITAK-1002\datasets\FASDD_RS\images\smoke_RS000666.tif,smoke,val
E:\Projects-Seyed.Jasemi\Amir_Thesis\TUBITAK-1002\datasets\FASDD_RS\images\smoke_RS000667.tif,smoke,val
E:\Projects-Seyed.Jasemi\Amir_Thesis\TUBITAK-1002\datasets\FASDD_RS\images\smoke_RS000668.tif,smoke,train
E:\Projects-Seyed.Jasemi\Amir_Thesis\TUBITAK-1002\datasets\FASDD_RS\images\smoke_RS000669.tif,smoke,val
E:\Projects-Seyed.Jasemi\Amir_Thesis\TUBITAK-1002\datasets\FASDD_RS\images\smoke_RS000670.tif,smoke,train
E:\Projects-Seyed.Jasemi\Amir_Thesis\TUBITAK-1002\datasets\FASDD_RS\images\smoke_RS000671.tif,smoke,val
E:\Projects-Seyed.Jasemi\Amir_Thesis\TUBITAK-1002\datasets\FASDD_RS\images\smoke_RS000672.tif,smoke,train
E:\Projects-Seyed.Jasemi\Amir_Thesis\TUBITAK-1002\datasets\FASDD_RS\images\smoke_RS000673.tif,smoke,train
E:\Projects-Seyed.Jasemi\Amir_Thesis\TUBITAK-1002\datasets\FASDD_RS\images\smoke_RS000674.tif,smoke,train
E:\Projects-Seyed.Jasemi\Amir_Thesis\TUBITAK-1002\datasets\FASDD_RS\images\smoke_RS000675.tif,both,val
E:\Projects-Seyed.Jasemi\Amir_Thesis\TUBITAK-1002\datasets\FASDD_RS\images\smoke_RS000676.tif,smoke,val
E:\Projects-Seyed.Jasemi\Amir_Thesis\TUBITAK-1002\datasets\FASDD_RS\images\smoke_RS000677.tif,smoke,val
E:\Projects-Seyed.Jasemi\Amir_Thesis\TUBITAK-1002\datasets\FASDD_RS\images\smoke_RS000678.tif,both,test
E:\Projects-Seyed.Jasemi\Amir_Thesis\TUBITAK-1002\datasets\FASDD_RS\images\smoke_RS000679.tif,both,train
E:\Projects-Seyed.Jasemi\Amir_Thesis\TUBITAK-1002\datasets\FASDD_RS\images\smoke_RS000680.tif,smoke,val
E:\Projects-Seyed.Jasemi\Amir_Thesis\TUBITAK-1002\datasets\FASDD_RS\images\smoke_RS000681.tif,smoke,test
E:\Projects-Seyed.Jasemi\Amir_Thesis\TUBITAK-1002\datasets\FASDD_RS\images\smoke_RS000682.tif,smoke,train
E:\Projects-Seyed.Jasemi\Amir_Thesis\TUBITAK-1002\datasets\FASDD_RS\images\smoke_RS000683.tif,smoke,val
E:\Projects-Seyed.Jasemi\Amir_Thesis\TUBITAK-1002\datasets\FASDD_RS\images\smoke_RS000684.tif,smoke,train
E:\Projects-Seyed.Jasemi\Amir_Thesis\TUBITAK-1002\datasets\FASDD_RS\images\smoke_RS000685.tif,smoke,train
E:\Projects-Seyed.Jasemi\Amir_Thesis\TUBITAK-1002\datasets\FASDD_RS\images\smoke_RS000686.tif,smoke,train
E:\Projects-Seyed.Jasemi\Amir_Thesis\TUBITAK-1002\datasets\FASDD_RS\images\smoke_RS000687.tif,smoke,train
E:\Projects-Seyed.Jasemi\Amir_Thesis\TUBITAK-1002\datasets\FASDD_RS\images\smoke_RS000688.tif,smoke,val
E:\Projects-Seyed.Jasemi\Amir_Thesis\TUBITAK-1002\datasets\FASDD_RS\images\smoke_RS000689.tif,smoke,val
E:\Projects-Seyed.Jasemi\Amir_Thesis\TUBITAK-1002\datasets\FASDD_RS\images\smoke_RS000690.tif,smoke,train
E:\Projects-Seyed.Jasemi\Amir_Thesis\TUBITAK-1002\datasets\FASDD_RS\images\smoke_RS000691.tif,smoke,train
E:\Projects-Seyed.Jasemi\Amir_Thesis\TUBITAK-1002\datasets\FASDD_RS\images\smoke_RS000692.tif,both,train
E:\Projects-Seyed.Jasemi\Amir_Thesis\TUBITAK-1002\datasets\FASDD_RS\images\smoke_RS000693.tif,both,val
E:\Projects-Seyed.Jasemi\Amir_Thesis\TUBITAK-1002\datasets\FASDD_RS\images\smoke_RS000694.tif,smoke,val
E:\Projects-Seyed.Jasemi\Amir_Thesis\TUBITAK-1002\datasets\FASDD_RS\images\smoke_RS000695.tif,smoke,train
E:\Projects-Seyed.Jasemi\Amir_Thesis\TUBITAK-1002\datasets\FASDD_RS\images\smoke_RS000696.tif,both,val
E:\Projects-Seyed.Jasemi\Amir_Thesis\TUBITAK-1002\datasets\FASDD_RS\images\smoke_RS000697.tif,both,val
E:\Projects-Seyed.Jasemi\Amir_Thesis\TUBITAK-1002\datasets\FASDD_RS\images\smoke_RS000698.tif,both,val
E:\Projects-Seyed.Jasemi\Amir_Thesis\TUBITAK-1002\datasets\FASDD_RS\images\smoke_RS000699.tif,both,train
E:\Projects-Seyed.Jasemi\Amir_Thesis\TUBITAK-1002\datasets\FASDD_RS\images\smoke_RS000700.tif,smoke,train
E:\Projects-Seyed.Jasemi\Amir_Thesis\TUBITAK-1002\datasets\FASDD_RS\images\smoke_RS000701.tif,both,train
E:\Projects-Seyed.Jasemi\Amir_Thesis\TUBITAK-1002\datasets\FASDD_RS\images\smoke_RS000702.tif,both,val
E:\Projects-Seyed.Jasemi\Amir_Thesis\TUBITAK-1002\datasets\FASDD_RS\images\smoke_RS000703.tif,smoke,test
E:\Projects-Seyed.Jasemi\Amir_Thesis\TUBITAK-1002\datasets\FASDD_RS\images\smoke_RS000704.tif,both,test
E:\Projects-Seyed.Jasemi\Amir_Thesis\TUBITAK-1002\datasets\FASDD_RS\images\smoke_RS000705.tif,both,test
E:\Projects-Seyed.Jasemi\Amir_Thesis\TUBITAK-1002\datasets\FASDD_RS\images\smoke_RS000706.tif,both,val
E:\Projects-Seyed.Jasemi\Amir_Thesis\TUBITAK-1002\datasets\FASDD_RS\images\smoke_RS000707.tif,smoke,test
E:\Projects-Seyed.Jasemi\Amir_Thesis\TUBITAK-1002\datasets\FASDD_RS\images\smoke_RS000708.tif,smoke,test
E:\Projects-Seyed.Jasemi\Amir_Thesis\TUBITAK-1002\datasets\FASDD_RS\images\smoke_RS000709.tif,smoke,val
E:\Projects-Seyed.Jasemi\Amir_Thesis\TUBITAK-1002\datasets\FASDD_RS\images\smoke_RS000710.tif,smoke,test
E:\Projects-Seyed.Jasemi\Amir_Thesis\TUBITAK-1002\datasets\FASDD_RS\images\smoke_RS000711.tif,both,train
E:\Projects-Seyed.Jasemi\Amir_Thesis\TUBITAK-1002\datasets\FASDD_RS\images\smoke_RS000712.tif,both,train
E:\Projects-Seyed.Jasemi\Amir_Thesis\TUBITAK-1002\datasets\FASDD_RS\images\smoke_RS000713.tif,both,train
E:\Projects-Seyed.Jasemi\Amir_Thesis\TUBITAK-1002\datasets\FASDD_RS\images\smoke_RS000714.tif,both,train
E:\Projects-Seyed.Jasemi\Amir_Thesis\TUBITAK-1002\datasets\FASDD_RS\images\smoke_RS000715.tif,smoke,train
E:\Projects-Seyed.Jasemi\Amir_Thesis\TUBITAK-1002\datasets\FASDD_RS\images\smoke_RS000716.tif,smoke,train
E:\Projects-Seyed.Jasemi\Amir_Thesis\TUBITAK-1002\datasets\FASDD_RS\images\smoke_RS000717.tif,both,val
E:\Projects-Seyed.Jasemi\Amir_Thesis\TUBITAK-1002\datasets\FASDD_RS\images\smoke_RS000718.tif,both,val
E:\Projects-Seyed.Jasemi\Amir_Thesis\TUBITAK-1002\datasets\FASDD_RS\images\smoke_RS000719.tif,both,val
E:\Projects-Seyed.Jasemi\Amir_Thesis\TUBITAK-1002\datasets\FASDD_RS\images\smoke_RS000720.tif,both,train
E:\Projects-Seyed.Jasemi\Amir_Thesis\TUBITAK-1002\datasets\FASDD_RS\images\smoke_RS000721.tif,both,train
E:\Projects-Seyed.Jasemi\Amir_Thesis\TUBITAK-1002\datasets\FASDD_RS\images\smoke_RS000722.tif,both,train
E:\Projects-Seyed.Jasemi\Amir_Thesis\TUBITAK-1002\datasets\FASDD_RS\images\smoke_RS000723.tif,both,test
E:\Projects-Seyed.Jasemi\Amir_Thesis\TUBITAK-1002\datasets\FASDD_RS\images\smoke_RS000724.tif,both,train
E:\Projects-Seyed.Jasemi\Amir_Thesis\TUBITAK-1002\datasets\FASDD_RS\images\smoke_RS000725.tif,both,train
E:\Projects-Seyed.Jasemi\Amir_Thesis\TUBITAK-1002\datasets\FASDD_RS\images\smoke_RS000726.tif,both,val
E:\Projects-Seyed.Jasemi\Amir_Thesis\TUBITAK-1002\datasets\FASDD_RS\images\smoke_RS000727.tif,smoke,train
E:\Projects-Seyed.Jasemi\Amir_Thesis\TUBITAK-1002\datasets\FASDD_RS\images\smoke_RS000728.tif,both,train
E:\Projects-Seyed.Jasemi\Amir_Thesis\TUBITAK-1002\datasets\FASDD_RS\images\smoke_RS000729.tif,both,val
E:\Projects-Seyed.Jasemi\Amir_Thesis\TUBITAK-1002\datasets\FASDD_RS\images\smoke_RS000730.tif,both,test
E:\Projects-Seyed.Jasemi\Amir_Thesis\TUBITAK-1002\datasets\FASDD_RS\images\smoke_RS000731.tif,both,val
E:\Projects-Seyed.Jasemi\Amir_Thesis\TUBITAK-1002\datasets\FASDD_RS\images\smoke_RS000732.tif,both,train
E:\Projects-Seyed.Jasemi\Amir_Thesis\TUBITAK-1002\datasets\FASDD_RS\images\smoke_RS000733.tif,smoke,train
E:\Projects-Seyed.Jasemi\Amir_Thesis\TUBITAK-1002\datasets\FASDD_RS\images\smoke_RS000734.tif,both,val
E:\Projects-Seyed.Jasemi\Amir_Thesis\TUBITAK-1002\datasets\FASDD_RS\images\smoke_RS000735.tif,both,train
E:\Projects-Seyed.Jasemi\Amir_Thesis\TUBITAK-1002\datasets\FASDD_RS\images\smoke_RS000736.tif,both,val
E:\Projects-Seyed.Jasemi\Amir_Thesis\TUBITAK-1002\datasets\FASDD_RS\images\smoke_RS000737.tif,both,train
E:\Projects-Seyed.Jasemi\Amir_Thesis\TUBITAK-1002\datasets\FASDD_RS\images\smoke_RS000738.tif,both,train
E:\Projects-Seyed.Jasemi\Amir_Thesis\TUBITAK-1002\datasets\FASDD_RS\images\smoke_RS000739.tif,both,val
E:\Projects-Seyed.Jasemi\Amir_Thesis\TUBITAK-1002\datasets\FASDD_RS\images\smoke_RS000740.tif,both,train
E:\Projects-Seyed.Jasemi\Amir_Thesis\TUBITAK-1002\datasets\FASDD_RS\images\smoke_RS000741.tif,both,train
E:\Projects-Seyed.Jasemi\Amir_Thesis\TUBITAK-1002\datasets\FASDD_RS\images\smoke_RS000742.tif,both,train
E:\Projects-Seyed.Jasemi\Amir_Thesis\TUBITAK-1002\datasets\FASDD_RS\images\smoke_RS000743.tif,both,val
E:\Projects-Seyed.Jasemi\Amir_Thesis\TUBITAK-1002\datasets\FASDD_RS\images\smoke_RS000744.tif,smoke,train
E:\Projects-Seyed.Jasemi\Amir_Thesis\TUBITAK-1002\datasets\FASDD_RS\images\smoke_RS000745.tif,both,val
E:\Projects-Seyed.Jasemi\Amir_Thesis\TUBITAK-1002\datasets\FASDD_RS\images\smoke_RS000746.tif,both,test
E:\Projects-Seyed.Jasemi\Amir_Thesis\TUBITAK-1002\datasets\FASDD_RS\images\smoke_RS000747.tif,both,val
E:\Projects-Seyed.Jasemi\Amir_Thesis\TUBITAK-1002\datasets\FASDD_RS\images\smoke_RS000748.tif,both,val
E:\Projects-Seyed.Jasemi\Amir_Thesis\TUBITAK-1002\datasets\FASDD_RS\images\smoke_RS000749.tif,both,train
E:\Projects-Seyed.Jasemi\Amir_Thesis\TUBITAK-1002\datasets\FASDD_RS\images\smoke_RS000750.tif,both,train
E:\Projects-Seyed.Jasemi\Amir_Thesis\TUBITAK-1002\datasets\FASDD_RS\images\smoke_RS000751.tif,both,test
E:\Projects-Seyed.Jasemi\Amir_Thesis\TUBITAK-1002\datasets\FASDD_RS\images\smoke_RS000752.tif,both,train
E:\Projects-Seyed.Jasemi\Amir_Thesis\TUBITAK-1002\datasets\FASDD_RS\images\smoke_RS000753.tif,both,val
E:\Projects-Seyed.Jasemi\Amir_Thesis\TUBITAK-1002\datasets\FASDD_RS\images\smoke_RS000754.tif,both,val
E:\Projects-Seyed.Jasemi\Amir_Thesis\TUBITAK-1002\datasets\FASDD_RS\images\smoke_RS000755.tif,both,train
E:\Projects-Seyed.Jasemi\Amir_Thesis\TUBITAK-1002\datasets\FASDD_RS\images\smoke_RS000756.tif,both,train
E:\Projects-Seyed.Jasemi\Amir_Thesis\TUBITAK-1002\datasets\FASDD_RS\images\smoke_RS000757.tif,both,train
E:\Projects-Seyed.Jasemi\Amir_Thesis\TUBITAK-1002\datasets\FASDD_RS\images\smoke_RS000758.tif,both,test
E:\Projects-Seyed.Jasemi\Amir_Thesis\TUBITAK-1002\datasets\FASDD_RS\images\smoke_RS000759.tif,both,train
E:\Projects-Seyed.Jasemi\Amir_Thesis\TUBITAK-1002\datasets\FASDD_RS\images\smoke_RS000760.tif,both,train
E:\Projects-Seyed.Jasemi\Amir_Thesis\TUBITAK-1002\datasets\FASDD_RS\images\smoke_RS000761.tif,both,train
E:\Projects-Seyed.Jasemi\Amir_Thesis\TUBITAK-1002\datasets\FASDD_RS\images\smoke_RS000762.tif,both,train
E:\Projects-Seyed.Jasemi\Amir_Thesis\TUBITAK-1002\datasets\FASDD_RS\images\smoke_RS000763.tif,both,train
E:\Projects-Seyed.Jasemi\Amir_Thesis\TUBITAK-1002\datasets\FASDD_RS\images\smoke_RS000764.tif,both,val
E:\Projects-Seyed.Jasemi\Amir_Thesis\TUBITAK-1002\datasets\FASDD_RS\images\smoke_RS000765.tif,both,train
E:\Projects-Seyed.Jasemi\Amir_Thesis\TUBITAK-1002\datasets\FASDD_RS\images\smoke_RS000766.tif,both,train
E:\Projects-Seyed.Jasemi\Amir_Thesis\TUBITAK-1002\datasets\FASDD_RS\images\smoke_RS000767.tif,both,test
E:\Projects-Seyed.Jasemi\Amir_Thesis\TUBITAK-1002\datasets\FASDD_RS\images\smoke_RS000768.tif,both,val
E:\Projects-Seyed.Jasemi\Amir_Thesis\TUBITAK-1002\datasets\FASDD_RS\images\smoke_RS000769.tif,both,train
E:\Projects-Seyed.Jasemi\Amir_Thesis\TUBITAK-1002\datasets\FASDD_RS\images\smoke_RS000770.tif,smoke,train
E:\Projects-Seyed.Jasemi\Amir_Thesis\TUBITAK-1002\datasets\FASDD_RS\images\smoke_RS000771.tif,both,val
E:\Projects-Seyed.Jasemi\Amir_Thesis\TUBITAK-1002\datasets\FASDD_RS\images\smoke_RS000772.tif,both,train
E:\Projects-Seyed.Jasemi\Amir_Thesis\TUBITAK-1002\datasets\FASDD_RS\images\smoke_RS000773.tif,both,val
E:\Projects-Seyed.Jasemi\Amir_Thesis\TUBITAK-1002\datasets\FASDD_RS\images\smoke_RS000774.tif,both,test
E:\Projects-Seyed.Jasemi\Amir_Thesis\TUBITAK-1002\datasets\FASDD_RS\images\smoke_RS000775.tif,both,train
E:\Projects-Seyed.Jasemi\Amir_Thesis\TUBITAK-1002\datasets\FASDD_RS\images\smoke_RS000776.tif,both,val
E:\Projects-Seyed.Jasemi\Amir_Thesis\TUBITAK-1002\datasets\FASDD_RS\images\smoke_RS000777.tif,both,test
E:\Projects-Seyed.Jasemi\Amir_Thesis\TUBITAK-1002\datasets\FASDD_RS\images\smoke_RS000778.tif,both,val
E:\Projects-Seyed.Jasemi\Amir_Thesis\TUBITAK-1002\datasets\FASDD_RS\images\smoke_RS000779.tif,both,train
E:\Projects-Seyed.Jasemi\Amir_Thesis\TUBITAK-1002\datasets\FASDD_RS\images\smoke_RS000780.tif,both,test
E:\Projects-Seyed.Jasemi\Amir_Thesis\TUBITAK-1002\datasets\FASDD_RS\images\smoke_RS000781.tif,both,val
E:\Projects-Seyed.Jasemi\Amir_Thesis\TUBITAK-1002\datasets\FASDD_RS\images\smoke_RS000782.tif,both,train
E:\Projects-Seyed.Jasemi\Amir_Thesis\TUBITAK-1002\datasets\FASDD_RS\images\smoke_RS000783.tif,both,train
E:\Projects-Seyed.Jasemi\Amir_Thesis\TUBITAK-1002\datasets\FASDD_RS\images\smoke_RS000784.tif,both,val
E:\Projects-Seyed.Jasemi\Amir_Thesis\TUBITAK-1002\datasets\FASDD_RS\images\smoke_RS000785.tif,both,test
E:\Projects-Seyed.Jasemi\Amir_Thesis\TUBITAK-1002\datasets\FASDD_RS\images\smoke_RS000786.tif,both,train
E:\Projects-Seyed.Jasemi\Amir_Thesis\TUBITAK-1002\datasets\FASDD_RS\images\smoke_RS000787.tif,both,train
E:\Projects-Seyed.Jasemi\Amir_Thesis\TUBITAK-1002\datasets\FASDD_RS\images\smoke_RS000788.tif,smoke,train
E:\Projects-Seyed.Jasemi\Amir_Thesis\TUBITAK-1002\datasets\FASDD_RS\images\smoke_RS000789.tif,smoke,train
E:\Projects-Seyed.Jasemi\Amir_Thesis\TUBITAK-1002\datasets\FASDD_RS\images\smoke_RS000790.tif,both,train
E:\Projects-Seyed.Jasemi\Amir_Thesis\TUBITAK-1002\datasets\FASDD_RS\images\smoke_RS000791.tif,both,test
E:\Projects-Seyed.Jasemi\Amir_Thesis\TUBITAK-1002\datasets\FASDD_RS\images\smoke_RS000792.tif,both,train
E:\Projects-Seyed.Jasemi\Amir_Thesis\TUBITAK-1002\datasets\FASDD_RS\images\smoke_RS000793.tif,both,train
E:\Projects-Seyed.Jasemi\Amir_Thesis\TUBITAK-1002\datasets\FASDD_RS\images\smoke_RS000794.tif,both,val
E:\Projects-Seyed.Jasemi\Amir_Thesis\TUBITAK-1002\datasets\FASDD_RS\images\smoke_RS000795.tif,both,train
E:\Projects-Seyed.Jasemi\Amir_Thesis\TUBITAK-1002\datasets\FASDD_RS\images\smoke_RS000796.tif,both,val
E:\Projects-Seyed.Jasemi\Amir_Thesis\TUBITAK-1002\datasets\FASDD_RS\images\smoke_RS000797.tif,both,train
E:\Projects-Seyed.Jasemi\Amir_Thesis\TUBITAK-1002\datasets\FASDD_RS\images\smoke_RS000798.tif,both,test
E:\Projects-Seyed.Jasemi\Amir_Thesis\TUBITAK-1002\datasets\FASDD_RS\images\smoke_RS000799.tif,both,train
E:\Projects-Seyed.Jasemi\Amir_Thesis\TUBITAK-1002\datasets\FASDD_RS\images\smoke_RS000800.tif,both,train
E:\Projects-Seyed.Jasemi\Amir_Thesis\TUBITAK-1002\datasets\FASDD_RS\images\smoke_RS000801.tif,both,train
E:\Projects-Seyed.Jasemi\Amir_Thesis\TUBITAK-1002\datasets\FASDD_RS\images\smoke_RS000802.tif,both,train
E:\Projects-Seyed.Jasemi\Amir_Thesis\TUBITAK-1002\datasets\FASDD_RS\images\smoke_RS000803.tif,both,val
E:\Projects-Seyed.Jasemi\Amir_Thesis\TUBITAK-1002\datasets\FASDD_RS\images\smoke_RS000804.tif,both,train
E:\Projects-Seyed.Jasemi\Amir_Thesis\TUBITAK-1002\datasets\FASDD_RS\images\smoke_RS000805.tif,both,test
E:\Projects-Seyed.Jasemi\Amir_Thesis\TUBITAK-1002\datasets\FASDD_RS\images\smoke_RS000806.tif,both,test
E:\Projects-Seyed.Jasemi\Amir_Thesis\TUBITAK-1002\datasets\FASDD_RS\images\smoke_RS000807.tif,both,train
E:\Projects-Seyed.Jasemi\Amir_Thesis\TUBITAK-1002\datasets\FASDD_RS\images\smoke_RS000808.tif,both,test
E:\Projects-Seyed.Jasemi\Amir_Thesis\TUBITAK-1002\datasets\FASDD_RS\images\smoke_RS000809.tif,both,train
E:\Projects-Seyed.Jasemi\Amir_Thesis\TUBITAK-1002\datasets\FASDD_RS\images\smoke_RS000810.tif,both,val
E:\Projects-Seyed.Jasemi\Amir_Thesis\TUBITAK-1002\datasets\FASDD_RS\images\smoke_RS000811.tif,both,val
E:\Projects-Seyed.Jasemi\Amir_Thesis\TUBITAK-1002\datasets\FASDD_RS\images\smoke_RS000812.tif,both,val
E:\Projects-Seyed.Jasemi\Amir_Thesis\TUBITAK-1002\datasets\FASDD_RS\images\smoke_RS000813.tif,both,test
E:\Projects-Seyed.Jasemi\Amir_Thesis\TUBITAK-1002\datasets\FASDD_RS\images\smoke_RS000814.tif,both,val
E:\Projects-Seyed.Jasemi\Amir_Thesis\TUBITAK-1002\datasets\FASDD_RS\images\smoke_RS000815.tif,both,train
E:\Projects-Seyed.Jasemi\Amir_Thesis\TUBITAK-1002\datasets\FASDD_RS\images\smoke_RS000816.tif,both,train
E:\Projects-Seyed.Jasemi\Amir_Thesis\TUBITAK-1002\datasets\FASDD_RS\images\smoke_RS000817.tif,both,train
E:\Projects-Seyed.Jasemi\Amir_Thesis\TUBITAK-1002\datasets\FASDD_RS\images\smoke_RS000818.tif,both,val
E:\Projects-Seyed.Jasemi\Amir_Thesis\TUBITAK-1002\datasets\FASDD_RS\images\smoke_RS000819.tif,both,val
E:\Projects-Seyed.Jasemi\Amir_Thesis\TUBITAK-1002\datasets\FASDD_RS\images\smoke_RS000820.tif,both,val
E:\Projects-Seyed.Jasemi\Amir_Thesis\TUBITAK-1002\datasets\FASDD_RS\images\smoke_RS000821.tif,both,train
E:\Projects-Seyed.Jasemi\Amir_Thesis\TUBITAK-1002\datasets\FASDD_RS\images\smoke_RS000822.tif,both,val
E:\Projects-Seyed.Jasemi\Amir_Thesis\TUBITAK-1002\datasets\FASDD_RS\images\smoke_RS000823.tif,both,val
E:\Projects-Seyed.Jasemi\Amir_Thesis\TUBITAK-1002\datasets\FASDD_RS\images\smoke_RS000824.tif,both,train
E:\Projects-Seyed.Jasemi\Amir_Thesis\TUBITAK-1002\datasets\FASDD_RS\images\smoke_RS000825.tif,both,train
E:\Projects-Seyed.Jasemi\Amir_Thesis\TUBITAK-1002\datasets\FASDD_RS\images\smoke_RS000826.tif,both,val
E:\Projects-Seyed.Jasemi\Amir_Thesis\TUBITAK-1002\datasets\FASDD_RS\images\smoke_RS000827.tif,both,test
E:\Projects-Seyed.Jasemi\Amir_Thesis\TUBITAK-1002\datasets\FASDD_RS\images\smoke_RS000828.tif,both,test
E:\Projects-Seyed.Jasemi\Amir_Thesis\TUBITAK-1002\datasets\FASDD_RS\images\smoke_RS000829.tif,both,train
E:\Projects-Seyed.Jasemi\Amir_Thesis\TUBITAK-1002\datasets\FASDD_RS\images\smoke_RS000830.tif,both,train
E:\Projects-Seyed.Jasemi\Amir_Thesis\TUBITAK-1002\datasets\FASDD_RS\images\smoke_RS000831.tif,both,train
E:\Projects-Seyed.Jasemi\Amir_Thesis\TUBITAK-1002\datasets\FASDD_RS\images\smoke_RS000832.tif,both,val
E:\Projects-Seyed.Jasemi\Amir_Thesis\TUBITAK-1002\datasets\FASDD_RS\images\smoke_RS000833.tif,both,train
E:\Projects-Seyed.Jasemi\Amir_Thesis\TUBITAK-1002\datasets\FASDD_RS\images\smoke_RS000834.tif,both,train
E:\Projects-Seyed.Jasemi\Amir_Thesis\TUBITAK-1002\datasets\FASDD_RS\images\smoke_RS000835.tif,both,train
E:\Projects-Seyed.Jasemi\Amir_Thesis\TUBITAK-1002\datasets\FASDD_RS\images\smoke_RS000836.tif,both,train
E:\Projects-Seyed.Jasemi\Amir_Thesis\TUBITAK-1002\datasets\FASDD_RS\images\smoke_RS000837.tif,both,train
E:\Projects-Seyed.Jasemi\Amir_Thesis\TUBITAK-1002\datasets\FASDD_RS\images\smoke_RS000838.tif,both,val
E:\Projects-Seyed.Jasemi\Amir_Thesis\TUBITAK-1002\datasets\FASDD_RS\images\smoke_RS000839.tif,both,val
E:\Projects-Seyed.Jasemi\Amir_Thesis\TUBITAK-1002\datasets\FASDD_RS\images\smoke_RS000840.tif,both,val
E:\Projects-Seyed.Jasemi\Amir_Thesis\TUBITAK-1002\datasets\FASDD_RS\images\smoke_RS000841.tif,both,val
E:\Projects-Seyed.Jasemi\Amir_Thesis\TUBITAK-1002\datasets\FASDD_RS\images\smoke_RS000842.tif,both,train
E:\Projects-Seyed.Jasemi\Amir_Thesis\TUBITAK-1002\datasets\FASDD_RS\images\smoke_RS000843.tif,smoke,train
E:\Projects-Seyed.Jasemi\Amir_Thesis\TUBITAK-1002\datasets\FASDD_RS\images\smoke_RS000844.tif,both,val
E:\Projects-Seyed.Jasemi\Amir_Thesis\TUBITAK-1002\datasets\FASDD_RS\images\smoke_RS000845.tif,smoke,train
E:\Projects-Seyed.Jasemi\Amir_Thesis\TUBITAK-1002\datasets\FASDD_RS\images\smoke_RS000846.tif,both,test
E:\Projects-Seyed.Jasemi\Amir_Thesis\TUBITAK-1002\datasets\FASDD_RS\images\smoke_RS000847.tif,smoke,train
E:\Projects-Seyed.Jasemi\Amir_Thesis\TUBITAK-1002\datasets\FASDD_RS\images\smoke_RS000848.tif,both,test
E:\Projects-Seyed.Jasemi\Amir_Thesis\TUBITAK-1002\datasets\FASDD_RS\images\smoke_RS000849.tif,both,val
E:\Projects-Seyed.Jasemi\Amir_Thesis\TUBITAK-1002\datasets\FASDD_RS\images\smoke_RS000850.tif,both,train
E:\Projects-Seyed.Jasemi\Amir_Thesis\TUBITAK-1002\datasets\FASDD_RS\images\smoke_RS000851.tif,both,train
E:\Projects-Seyed.Jasemi\Amir_Thesis\TUBITAK-1002\datasets\FASDD_RS\images\smoke_RS000852.tif,both,test
E:\Projects-Seyed.Jasemi\Amir_Thesis\TUBITAK-1002\datasets\FASDD_RS\images\smoke_RS000853.tif,both,train
E:\Projects-Seyed.Jasemi\Amir_Thesis\TUBITAK-1002\datasets\FASDD_RS\images\smoke_RS000854.tif,both,val
E:\Projects-Seyed.Jasemi\Amir_Thesis\TUBITAK-1002\datasets\FASDD_RS\images\smoke_RS000855.tif,both,train
E:\Projects-Seyed.Jasemi\Amir_Thesis\TUBITAK-1002\datasets\FASDD_RS\images\smoke_RS000856.tif,both,train
E:\Projects-Seyed.Jasemi\Amir_Thesis\TUBITAK-1002\datasets\FASDD_RS\images\smoke_RS000857.tif,both,val
E:\Projects-Seyed.Jasemi\Amir_Thesis\TUBITAK-1002\datasets\FASDD_RS\images\smoke_RS000858.tif,both,train
E:\Projects-Seyed.Jasemi\Amir_Thesis\TUBITAK-1002\datasets\FASDD_RS\images\smoke_RS000859.tif,both,val
E:\Projects-Seyed.Jasemi\Amir_Thesis\TUBITAK-1002\datasets\FASDD_RS\images\smoke_RS000860.tif,both,val
E:\Projects-Seyed.Jasemi\Amir_Thesis\TUBITAK-1002\datasets\FASDD_RS\images\smoke_RS000861.tif,both,train
E:\Projects-Seyed.Jasemi\Amir_Thesis\TUBITAK-1002\datasets\FASDD_RS\images\smoke_RS000862.tif,both,test
E:\Projects-Seyed.Jasemi\Amir_Thesis\TUBITAK-1002\datasets\FASDD_RS\images\smoke_RS000863.tif,both,val
E:\Projects-Seyed.Jasemi\Amir_Thesis\TUBITAK-1002\datasets\FASDD_RS\images\smoke_RS000864.tif,both,test
E:\Projects-Seyed.Jasemi\Amir_Thesis\TUBITAK-1002\datasets\FASDD_RS\images\smoke_RS000865.tif,both,train
E:\Projects-Seyed.Jasemi\Amir_Thesis\TUBITAK-1002\datasets\FASDD_RS\images\smoke_RS000866.tif,both,train
E:\Projects-Seyed.Jasemi\Amir_Thesis\TUBITAK-1002\datasets\FASDD_RS\images\smoke_RS000867.tif,both,val
E:\Projects-Seyed.Jasemi\Amir_Thesis\TUBITAK-1002\datasets\FASDD_RS\images\smoke_RS000868.tif,both,train
E:\Projects-Seyed.Jasemi\Amir_Thesis\TUBITAK-1002\datasets\FASDD_RS\images\smoke_RS000869.tif,both,train
E:\Projects-Seyed.Jasemi\Amir_Thesis\TUBITAK-1002\datasets\FASDD_RS\images\smoke_RS000870.tif,both,train
E:\Projects-Seyed.Jasemi\Amir_Thesis\TUBITAK-1002\datasets\FASDD_RS\images\smoke_RS000871.tif,both,val
E:\Projects-Seyed.Jasemi\Amir_Thesis\TUBITAK-1002\datasets\FASDD_RS\images\smoke_RS000872.tif,both,test
E:\Projects-Seyed.Jasemi\Amir_Thesis\TUBITAK-1002\datasets\FASDD_RS\images\smoke_RS000873.tif,both,test
E:\Projects-Seyed.Jasemi\Amir_Thesis\TUBITAK-1002\datasets\FASDD_RS\images\smoke_RS000874.tif,both,val
E:\Projects-Seyed.Jasemi\Amir_Thesis\TUBITAK-1002\datasets\FASDD_RS\images\smoke_RS000875.tif,both,val
E:\Projects-Seyed.Jasemi\Amir_Thesis\TUBITAK-1002\datasets\FASDD_RS\images\smoke_RS000876.tif,both,train
E:\Projects-Seyed.Jasemi\Amir_Thesis\TUBITAK-1002\datasets\FASDD_RS\images\smoke_RS000877.tif,both,train
E:\Projects-Seyed.Jasemi\Amir_Thesis\TUBITAK-1002\datasets\FASDD_RS\images\smoke_RS000878.tif,both,train
E:\Projects-Seyed.Jasemi\Amir_Thesis\TUBITAK-1002\datasets\FASDD_RS\images\smoke_RS000879.tif,both,val
E:\Projects-Seyed.Jasemi\Amir_Thesis\TUBITAK-1002\datasets\FASDD_RS\images\smoke_RS000880.tif,both,train
E:\Projects-Seyed.Jasemi\Amir_Thesis\TUBITAK-1002\datasets\FASDD_RS\images\smoke_RS000881.tif,both,train
E:\Projects-Seyed.Jasemi\Amir_Thesis\TUBITAK-1002\datasets\FASDD_RS\images\smoke_RS000882.tif,both,train
E:\Projects-Seyed.Jasemi\Amir_Thesis\TUBITAK-1002\datasets\FASDD_RS\images\smoke_RS000883.tif,both,val
E:\Projects-Seyed.Jasemi\Amir_Thesis\TUBITAK-1002\datasets\FASDD_RS\images\smoke_RS000884.tif,both,test
E:\Projects-Seyed.Jasemi\Amir_Thesis\TUBITAK-1002\datasets\FASDD_RS\images\smoke_RS000885.tif,both,train
E:\Projects-Seyed.Jasemi\Amir_Thesis\TUBITAK-1002\datasets\FASDD_RS\images\smoke_RS000886.tif,both,test
E:\Projects-Seyed.Jasemi\Amir_Thesis\TUBITAK-1002\datasets\FASDD_RS\images\smoke_RS000887.tif,both,train
E:\Projects-Seyed.Jasemi\Amir_Thesis\TUBITAK-1002\datasets\FASDD_RS\images\smoke_RS000888.tif,both,val
E:\Projects-Seyed.Jasemi\Amir_Thesis\TUBITAK-1002\datasets\FASDD_RS\images\smoke_RS000889.tif,both,train
E:\Projects-Seyed.Jasemi\Amir_Thesis\TUBITAK-1002\datasets\FASDD_RS\images\smoke_RS000890.tif,both,val
E:\Projects-Seyed.Jasemi\Amir_Thesis\TUBITAK-1002\datasets\FASDD_RS\images\smoke_RS000891.tif,both,val
E:\Projects-Seyed.Jasemi\Amir_Thesis\TUBITAK-1002\datasets\FASDD_RS\images\smoke_RS000892.tif,both,val
E:\Projects-Seyed.Jasemi\Amir_Thesis\TUBITAK-1002\datasets\FASDD_RS\images\smoke_RS000893.tif,both,val
E:\Projects-Seyed.Jasemi\Amir_Thesis\TUBITAK-1002\datasets\FASDD_RS\images\smoke_RS000894.tif,both,train
E:\Projects-Seyed.Jasemi\Amir_Thesis\TUBITAK-1002\datasets\FASDD_RS\images\smoke_RS000895.tif,both,train
E:\Projects-Seyed.Jasemi\Amir_Thesis\TUBITAK-1002\datasets\FASDD_RS\images\smoke_RS000896.tif,both,test
E:\Projects-Seyed.Jasemi\Amir_Thesis\TUBITAK-1002\datasets\FASDD_RS\images\smoke_RS000897.tif,both,val
E:\Projects-Seyed.Jasemi\Amir_Thesis\TUBITAK-1002\datasets\FASDD_RS\images\smoke_RS000898.tif,both,test
E:\Projects-Seyed.Jasemi\Amir_Thesis\TUBITAK-1002\datasets\FASDD_RS\images\smoke_RS000899.tif,both,train
E:\Projects-Seyed.Jasemi\Amir_Thesis\TUBITAK-1002\datasets\FASDD_RS\images\smoke_RS000900.tif,both,train
E:\Projects-Seyed.Jasemi\Amir_Thesis\TUBITAK-1002\datasets\FASDD_RS\images\smoke_RS000901.tif,smoke,train
E:\Projects-Seyed.Jasemi\Amir_Thesis\TUBITAK-1002\datasets\FASDD_RS\images\smoke_RS000902.tif,both,train
E:\Projects-Seyed.Jasemi\Amir_Thesis\TUBITAK-1002\datasets\FASDD_RS\images\smoke_RS000903.tif,both,train
E:\Projects-Seyed.Jasemi\Amir_Thesis\TUBITAK-1002\datasets\FASDD_RS\images\smoke_RS000904.tif,both,train
E:\Projects-Seyed.Jasemi\Amir_Thesis\TUBITAK-1002\datasets\FASDD_RS\images\smoke_RS000905.tif,smoke,train
E:\Projects-Seyed.Jasemi\Amir_Thesis\TUBITAK-1002\datasets\FASDD_RS\images\smoke_RS000906.tif,both,val
E:\Projects-Seyed.Jasemi\Amir_Thesis\TUBITAK-1002\datasets\FASDD_RS\images\smoke_RS000907.tif,both,train
E:\Projects-Seyed.Jasemi\Amir_Thesis\TUBITAK-1002\datasets\FASDD_RS\images\smoke_RS000908.tif,both,val
E:\Projects-Seyed.Jasemi\Amir_Thesis\TUBITAK-1002\datasets\FASDD_RS\images\smoke_RS000909.tif,both,train
E:\Projects-Seyed.Jasemi\Amir_Thesis\TUBITAK-1002\datasets\FASDD_RS\images\smoke_RS000910.tif,both,train
E:\Projects-Seyed.Jasemi\Amir_Thesis\TUBITAK-1002\datasets\FASDD_RS\images\smoke_RS000911.tif,both,train
E:\Projects-Seyed.Jasemi\Amir_Thesis\TUBITAK-1002\datasets\FASDD_RS\images\smoke_RS000912.tif,both,test
E:\Projects-Seyed.Jasemi\Amir_Thesis\TUBITAK-1002\datasets\FASDD_RS\images\smoke_RS000913.tif,smoke,train
E:\Projects-Seyed.Jasemi\Amir_Thesis\TUBITAK-1002\datasets\FASDD_RS\images\smoke_RS000914.tif,both,val
E:\Projects-Seyed.Jasemi\Amir_Thesis\TUBITAK-1002\datasets\FASDD_RS\images\smoke_RS000915.tif,smoke,train
E:\Projects-Seyed.Jasemi\Amir_Thesis\TUBITAK-1002\datasets\FASDD_RS\images\smoke_RS000916.tif,both,val
E:\Projects-Seyed.Jasemi\Amir_Thesis\TUBITAK-1002\datasets\FASDD_RS\images\smoke_RS000917.tif,both,train
E:\Projects-Seyed.Jasemi\Amir_Thesis\TUBITAK-1002\datasets\FASDD_RS\images\smoke_RS000918.tif,both,train
E:\Projects-Seyed.Jasemi\Amir_Thesis\TUBITAK-1002\datasets\FASDD_RS\images\smoke_RS000919.tif,both,train
E:\Projects-Seyed.Jasemi\Amir_Thesis\TUBITAK-1002\datasets\FASDD_RS\images\smoke_RS000920.tif,both,test
E:\Projects-Seyed.Jasemi\Amir_Thesis\TUBITAK-1002\datasets\FASDD_RS\images\smoke_RS000921.tif,both,train
E:\Projects-Seyed.Jasemi\Amir_Thesis\TUBITAK-1002\datasets\FASDD_RS\images\smoke_RS000922.tif,both,train
E:\Projects-Seyed.Jasemi\Amir_Thesis\TUBITAK-1002\datasets\FASDD_RS\images\smoke_RS000923.tif,both,test
E:\Projects-Seyed.Jasemi\Amir_Thesis\TUBITAK-1002\datasets\FASDD_RS\images\smoke_RS000924.tif,both,train
E:\Projects-Seyed.Jasemi\Amir_Thesis\TUBITAK-1002\datasets\FASDD_RS\images\smoke_RS000925.tif,both,train
E:\Projects-Seyed.Jasemi\Amir_Thesis\TUBITAK-1002\datasets\FASDD_RS\images\smoke_RS000926.tif,both,train
E:\Projects-Seyed.Jasemi\Amir_Thesis\TUBITAK-1002\datasets\FASDD_RS\images\smoke_RS000927.tif,both,test
E:\Projects-Seyed.Jasemi\Amir_Thesis\TUBITAK-1002\datasets\FASDD_RS\images\smoke_RS000928.tif,both,train
E:\Projects-Seyed.Jasemi\Amir_Thesis\TUBITAK-1002\datasets\FASDD_RS\images\smoke_RS000929.tif,both,val
E:\Projects-Seyed.Jasemi\Amir_Thesis\TUBITAK-1002\datasets\FASDD_RS\images\smoke_RS000930.tif,both,train
E:\Projects-Seyed.Jasemi\Amir_Thesis\TUBITAK-1002\datasets\FASDD_RS\images\smoke_RS000931.tif,both,test
E:\Projects-Seyed.Jasemi\Amir_Thesis\TUBITAK-1002\datasets\FASDD_RS\images\smoke_RS000932.tif,both,train
E:\Projects-Seyed.Jasemi\Amir_Thesis\TUBITAK-1002\datasets\FASDD_RS\images\smoke_RS000933.tif,both,train
E:\Projects-Seyed.Jasemi\Amir_Thesis\TUBITAK-1002\datasets\FASDD_RS\images\smoke_RS000934.tif,both,train
E:\Projects-Seyed.Jasemi\Amir_Thesis\TUBITAK-1002\datasets\FASDD_RS\images\smoke_RS000935.tif,both,val
E:\Projects-Seyed.Jasemi\Amir_Thesis\TUBITAK-1002\datasets\FASDD_RS\images\smoke_RS000936.tif,both,train
E:\Projects-Seyed.Jasemi\Amir_Thesis\TUBITAK-1002\datasets\FASDD_RS\images\smoke_RS000937.tif,both,val
E:\Projects-Seyed.Jasemi\Amir_Thesis\TUBITAK-1002\datasets\FASDD_RS\images\smoke_RS000938.tif,both,test
E:\Projects-Seyed.Jasemi\Amir_Thesis\TUBITAK-1002\datasets\FASDD_RS\images\smoke_RS000939.tif,both,train
E:\Projects-Seyed.Jasemi\Amir_Thesis\TUBITAK-1002\datasets\FASDD_RS\images\smoke_RS000940.tif,both,test
E:\Projects-Seyed.Jasemi\Amir_Thesis\TUBITAK-1002\datasets\FASDD_RS\images\smoke_RS000941.tif,both,test
E:\Projects-Seyed.Jasemi\Amir_Thesis\TUBITAK-1002\datasets\FASDD_RS\images\smoke_RS000942.tif,both,train
E:\Projects-Seyed.Jasemi\Amir_Thesis\TUBITAK-1002\datasets\FASDD_RS\images\smoke_RS000943.tif,both,test
E:\Projects-Seyed.Jasemi\Amir_Thesis\TUBITAK-1002\datasets\FASDD_RS\images\smoke_RS000944.tif,both,train
E:\Projects-Seyed.Jasemi\Amir_Thesis\TUBITAK-1002\datasets\FASDD_RS\images\smoke_RS000945.tif,both,val
E:\Projects-Seyed.Jasemi\Amir_Thesis\TUBITAK-1002\datasets\FASDD_RS\images\smoke_RS000946.tif,both,train
E:\Projects-Seyed.Jasemi\Amir_Thesis\TUBITAK-1002\datasets\FASDD_RS\images\smoke_RS000947.tif,both,val
E:\Projects-Seyed.Jasemi\Amir_Thesis\TUBITAK-1002\datasets\FASDD_RS\images\smoke_RS000948.tif,both,val
E:\Projects-Seyed.Jasemi\Amir_Thesis\TUBITAK-1002\datasets\FASDD_RS\images\smoke_RS000949.tif,both,train
E:\Projects-Seyed.Jasemi\Amir_Thesis\TUBITAK-1002\datasets\FASDD_RS\images\smoke_RS000950.tif,both,train
E:\Projects-Seyed.Jasemi\Amir_Thesis\TUBITAK-1002\datasets\FASDD_RS\images\smoke_RS000951.tif,both,train
E:\Projects-Seyed.Jasemi\Amir_Thesis\TUBITAK-1002\datasets\FASDD_RS\images\smoke_RS000952.tif,both,train
E:\Projects-Seyed.Jasemi\Amir_Thesis\TUBITAK-1002\datasets\FASDD_RS\images\smoke_RS000953.tif,both,val
E:\Projects-Seyed.Jasemi\Amir_Thesis\TUBITAK-1002\datasets\FASDD_RS\images\smoke_RS000954.tif,both,val
E:\Projects-Seyed.Jasemi\Amir_Thesis\TUBITAK-1002\datasets\FASDD_RS\images\smoke_RS000955.tif,both,train
E:\Projects-Seyed.Jasemi\Amir_Thesis\TUBITAK-1002\datasets\FASDD_RS\images\smoke_RS000956.tif,both,val
E:\Projects-Seyed.Jasemi\Amir_Thesis\TUBITAK-1002\datasets\FASDD_RS\images\smoke_RS000957.tif,both,val
E:\Projects-Seyed.Jasemi\Amir_Thesis\TUBITAK-1002\datasets\FASDD_RS\images\smoke_RS000958.tif,both,train
E:\Projects-Seyed.Jasemi\Amir_Thesis\TUBITAK-1002\datasets\FASDD_RS\images\smoke_RS000959.tif,both,val
E:\Projects-Seyed.Jasemi\Amir_Thesis\TUBITAK-1002\datasets\FASDD_RS\images\smoke_RS000960.tif,both,train
E:\Projects-Seyed.Jasemi\Amir_Thesis\TUBITAK-1002\datasets\FASDD_RS\images\smoke_RS000961.tif,both,test
E:\Projects-Seyed.Jasemi\Amir_Thesis\TUBITAK-1002\datasets\FASDD_RS\images\smoke_RS000962.tif,both,train
E:\Projects-Seyed.Jasemi\Amir_Thesis\TUBITAK-1002\datasets\FASDD_RS\images\smoke_RS000963.tif,both,val
E:\Projects-Seyed.Jasemi\Amir_Thesis\TUBITAK-1002\datasets\FASDD_RS\images\smoke_RS000964.tif,both,train
E:\Projects-Seyed.Jasemi\Amir_Thesis\TUBITAK-1002\datasets\FASDD_RS\images\smoke_RS000965.tif,both,train
E:\Projects-Seyed.Jasemi\Amir_Thesis\TUBITAK-1002\datasets\FASDD_RS\images\smoke_RS000966.tif,both,train
E:\Projects-Seyed.Jasemi\Amir_Thesis\TUBITAK-1002\datasets\FASDD_RS\images\smoke_RS000967.tif,smoke,test
E:\Projects-Seyed.Jasemi\Amir_Thesis\TUBITAK-1002\datasets\FASDD_RS\images\smoke_RS000968.tif,both,train
E:\Projects-Seyed.Jasemi\Amir_Thesis\TUBITAK-1002\datasets\FASDD_RS\images\smoke_RS000969.tif,both,val
E:\Projects-Seyed.Jasemi\Amir_Thesis\TUBITAK-1002\datasets\FASDD_RS\images\smoke_RS000970.tif,both,test
E:\Projects-Seyed.Jasemi\Amir_Thesis\TUBITAK-1002\datasets\FASDD_RS\images\smoke_RS000971.tif,smoke,val
E:\Projects-Seyed.Jasemi\Amir_Thesis\TUBITAK-1002\datasets\FASDD_RS\images\smoke_RS000972.tif,both,val
E:\Projects-Seyed.Jasemi\Amir_Thesis\TUBITAK-1002\datasets\FASDD_RS\images\smoke_RS000973.tif,both,train
E:\Projects-Seyed.Jasemi\Amir_Thesis\TUBITAK-1002\datasets\FASDD_RS\images\smoke_RS000974.tif,both,train
E:\Projects-Seyed.Jasemi\Amir_Thesis\TUBITAK-1002\datasets\FASDD_RS\images\smoke_RS000975.tif,both,val
E:\Projects-Seyed.Jasemi\Amir_Thesis\TUBITAK-1002\datasets\FASDD_RS\images\smoke_RS000976.tif,both,val
E:\Projects-Seyed.Jasemi\Amir_Thesis\TUBITAK-1002\datasets\FASDD_RS\images\smoke_RS000977.tif,both,train
E:\Projects-Seyed.Jasemi\Amir_Thesis\TUBITAK-1002\datasets\FASDD_RS\images\smoke_RS000978.tif,both,train
E:\Projects-Seyed.Jasemi\Amir_Thesis\TUBITAK-1002\datasets\FASDD_RS\images\smoke_RS000979.tif,both,val
E:\Projects-Seyed.Jasemi\Amir_Thesis\TUBITAK-1002\datasets\FASDD_RS\images\smoke_RS000980.tif,both,train
E:\Projects-Seyed.Jasemi\Amir_Thesis\TUBITAK-1002\datasets\FASDD_RS\images\smoke_RS000981.tif,both,val
E:\Projects-Seyed.Jasemi\Amir_Thesis\TUBITAK-1002\datasets\FASDD_RS\images\smoke_RS000982.tif,both,train
E:\Projects-Seyed.Jasemi\Amir_Thesis\TUBITAK-1002\datasets\FASDD_RS\images\smoke_RS000983.tif,both,test
E:\Projects-Seyed.Jasemi\Amir_Thesis\TUBITAK-1002\datasets\FASDD_RS\images\smoke_RS000984.tif,both,train
E:\Projects-Seyed.Jasemi\Amir_Thesis\TUBITAK-1002\datasets\FASDD_RS\images\smoke_RS000985.tif,both,test
E:\Projects-Seyed.Jasemi\Amir_Thesis\TUBITAK-1002\datasets\FASDD_RS\images\smoke_RS000986.tif,both,val
E:\Projects-Seyed.Jasemi\Amir_Thesis\TUBITAK-1002\datasets\FASDD_RS\images\smoke_RS000987.tif,both,train
E:\Projects-Seyed.Jasemi\Amir_Thesis\TUBITAK-1002\datasets\FASDD_RS\images\smoke_RS000988.tif,smoke,val
E:\Projects-Seyed.Jasemi\Amir_Thesis\TUBITAK-1002\datasets\FASDD_RS\images\smoke_RS000989.tif,both,val
E:\Projects-Seyed.Jasemi\Amir_Thesis\TUBITAK-1002\datasets\FASDD_RS\images\smoke_RS000990.tif,both,train
E:\Projects-Seyed.Jasemi\Amir_Thesis\TUBITAK-1002\datasets\FASDD_RS\images\smoke_RS000991.tif,smoke,val
E:\Projects-Seyed.Jasemi\Amir_Thesis\TUBITAK-1002\datasets\FASDD_RS\images\smoke_RS000992.tif,both,val
E:\Projects-Seyed.Jasemi\Amir_Thesis\TUBITAK-1002\datasets\FASDD_RS\images\smoke_RS000993.tif,both,test
E:\Projects-Seyed.Jasemi\Amir_Thesis\TUBITAK-1002\datasets\FASDD_RS\images\smoke_RS000994.tif,both,train
E:\Projects-Seyed.Jasemi\Amir_Thesis\TUBITAK-1002\datasets\FASDD_RS\images\smoke_RS000995.tif,both,val
E:\Projects-Seyed.Jasemi\Amir_Thesis\TUBITAK-1002\datasets\FASDD_RS\images\smoke_RS000996.tif,smoke,train
E:\Projects-Seyed.Jasemi\Amir_Thesis\TUBITAK-1002\datasets\FASDD_RS\images\smoke_RS000997.tif,both,train
E:\Projects-Seyed.Jasemi\Amir_Thesis\TUBITAK-1002\datasets\FASDD_RS\images\smoke_RS000998.tif,both,train
E:\Projects-Seyed.Jasemi\Amir_Thesis\TUBITAK-1002\datasets\FASDD_RS\images\smoke_RS000999.tif,both,test
E:\Projects-Seyed.Jasemi\Amir_Thesis\TUBITAK-1002\datasets\FASDD_RS\images\smoke_RS001000.tif,both,val
E:\Projects-Seyed.Jasemi\Amir_Thesis\TUBITAK-1002\datasets\FASDD_RS\images\smoke_RS001001.tif,both,val
E:\Projects-Seyed.Jasemi\Amir_Thesis\TUBITAK-1002\datasets\FASDD_RS\images\smoke_RS001002.tif,both,test
E:\Projects-Seyed.Jasemi\Amir_Thesis\TUBITAK-1002\datasets\FASDD_RS\images\smoke_RS001003.tif,both,val
E:\Projects-Seyed.Jasemi\Amir_Thesis\TUBITAK-1002\datasets\FASDD_RS\images\smoke_RS001004.tif,both,train
E:\Projects-Seyed.Jasemi\Amir_Thesis\TUBITAK-1002\datasets\FASDD_RS\images\smoke_RS001005.tif,both,train
E:\Projects-Seyed.Jasemi\Amir_Thesis\TUBITAK-1002\datasets\FASDD_RS\images\smoke_RS001006.tif,both,val
E:\Projects-Seyed.Jasemi\Amir_Thesis\TUBITAK-1002\datasets\FASDD_RS\images\smoke_RS001007.tif,both,train
E:\Projects-Seyed.Jasemi\Amir_Thesis\TUBITAK-1002\datasets\FASDD_RS\images\smoke_RS001008.tif,both,val
E:\Projects-Seyed.Jasemi\Amir_Thesis\TUBITAK-1002\datasets\FASDD_RS\images\smoke_RS001009.tif,both,val
E:\Projects-Seyed.Jasemi\Amir_Thesis\TUBITAK-1002\datasets\FASDD_RS\images\smoke_RS001010.tif,both,val
E:\Projects-Seyed.Jasemi\Amir_Thesis\TUBITAK-1002\datasets\FASDD_RS\images\smoke_RS001011.tif,both,train
E:\Projects-Seyed.Jasemi\Amir_Thesis\TUBITAK-1002\datasets\FASDD_RS\images\smoke_RS001012.tif,both,val
E:\Projects-Seyed.Jasemi\Amir_Thesis\TUBITAK-1002\datasets\FASDD_RS\images\smoke_RS001013.tif,both,val
E:\Projects-Seyed.Jasemi\Amir_Thesis\TUBITAK-1002\datasets\FASDD_RS\images\smoke_RS001014.tif,both,test
E:\Projects-Seyed.Jasemi\Amir_Thesis\TUBITAK-1002\datasets\FASDD_RS\images\smoke_RS001015.tif,both,test
E:\Projects-Seyed.Jasemi\Amir_Thesis\TUBITAK-1002\datasets\FASDD_RS\images\smoke_RS001016.tif,both,test
E:\Projects-Seyed.Jasemi\Amir_Thesis\TUBITAK-1002\datasets\FASDD_RS\images\smoke_RS001017.tif,both,train
E:\Projects-Seyed.Jasemi\Amir_Thesis\TUBITAK-1002\datasets\FASDD_RS\images\smoke_RS001018.tif,both,train
E:\Projects-Seyed.Jasemi\Amir_Thesis\TUBITAK-1002\datasets\FASDD_RS\images\smoke_RS001019.tif,both,train
E:\Projects-Seyed.Jasemi\Amir_Thesis\TUBITAK-1002\datasets\FASDD_RS\images\smoke_RS001020.tif,both,val
E:\Projects-Seyed.Jasemi\Amir_Thesis\TUBITAK-1002\datasets\FASDD_RS\images\smoke_RS001021.tif,both,val
E:\Projects-Seyed.Jasemi\Amir_Thesis\TUBITAK-1002\datasets\FASDD_RS\images\smoke_RS001022.tif,both,test
E:\Projects-Seyed.Jasemi\Amir_Thesis\TUBITAK-1002\datasets\FASDD_RS\images\smoke_RS001023.tif,both,val
E:\Projects-Seyed.Jasemi\Amir_Thesis\TUBITAK-1002\datasets\FASDD_RS\images\smoke_RS001024.tif,both,train
E:\Projects-Seyed.Jasemi\Amir_Thesis\TUBITAK-1002\datasets\FASDD_RS\images\smoke_RS001025.tif,both,test
E:\Projects-Seyed.Jasemi\Amir_Thesis\TUBITAK-1002\datasets\FASDD_RS\images\smoke_RS001026.tif,both,train
E:\Projects-Seyed.Jasemi\Amir_Thesis\TUBITAK-1002\datasets\FASDD_RS\images\smoke_RS001027.tif,both,train
E:\Projects-Seyed.Jasemi\Amir_Thesis\TUBITAK-1002\datasets\FASDD_RS\images\smoke_RS001028.tif,both,test
E:\Projects-Seyed.Jasemi\Amir_Thesis\TUBITAK-1002\datasets\FASDD_RS\images\smoke_RS001029.tif,both,val
E:\Projects-Seyed.Jasemi\Amir_Thesis\TUBITAK-1002\datasets\FASDD_RS\images\smoke_RS001030.tif,both,val
E:\Projects-Seyed.Jasemi\Amir_Thesis\TUBITAK-1002\datasets\FASDD_RS\images\smoke_RS001031.tif,both,train
E:\Projects-Seyed.Jasemi\Amir_Thesis\TUBITAK-1002\datasets\FASDD_RS\images\smoke_RS001032.tif,both,val
E:\Projects-Seyed.Jasemi\Amir_Thesis\TUBITAK-1002\datasets\FASDD_RS\images\smoke_RS001033.tif,both,test
E:\Projects-Seyed.Jasemi\Amir_Thesis\TUBITAK-1002\datasets\FASDD_RS\images\smoke_RS001034.tif,both,test
E:\Projects-Seyed.Jasemi\Amir_Thesis\TUBITAK-1002\datasets\FASDD_RS\images\smoke_RS001035.tif,both,train
E:\Projects-Seyed.Jasemi\Amir_Thesis\TUBITAK-1002\datasets\FASDD_RS\images\smoke_RS001036.tif,both,test
E:\Projects-Seyed.Jasemi\Amir_Thesis\TUBITAK-1002\datasets\FASDD_RS\images\smoke_RS001037.tif,both,val
E:\Projects-Seyed.Jasemi\Amir_Thesis\TUBITAK-1002\datasets\FASDD_RS\images\smoke_RS001038.tif,both,train
E:\Projects-Seyed.Jasemi\Amir_Thesis\TUBITAK-1002\datasets\FASDD_RS\images\smoke_RS001039.tif,both,test
E:\Projects-Seyed.Jasemi\Amir_Thesis\TUBITAK-1002\datasets\FASDD_RS\images\smoke_RS001040.tif,both,train
E:\Projects-Seyed.Jasemi\Amir_Thesis\TUBITAK-1002\datasets\FASDD_RS\images\smoke_RS001041.tif,both,test
E:\Projects-Seyed.Jasemi\Amir_Thesis\TUBITAK-1002\datasets\FASDD_RS\images\smoke_RS001042.tif,both,test
E:\Projects-Seyed.Jasemi\Amir_Thesis\TUBITAK-1002\datasets\FASDD_RS\images\smoke_RS001043.tif,both,train
E:\Projects-Seyed.Jasemi\Amir_Thesis\TUBITAK-1002\datasets\FASDD_RS\images\smoke_RS001044.tif,both,test
E:\Projects-Seyed.Jasemi\Amir_Thesis\TUBITAK-1002\datasets\FASDD_RS\images\smoke_RS001045.tif,both,train
E:\Projects-Seyed.Jasemi\Amir_Thesis\TUBITAK-1002\datasets\FASDD_RS\images\smoke_RS001046.tif,both,train
E:\Projects-Seyed.Jasemi\Amir_Thesis\TUBITAK-1002\datasets\FASDD_RS\images\smoke_RS001047.tif,both,val
E:\Projects-Seyed.Jasemi\Amir_Thesis\TUBITAK-1002\datasets\FASDD_RS\images\smoke_RS001048.tif,both,train
E:\Projects-Seyed.Jasemi\Amir_Thesis\TUBITAK-1002\datasets\FASDD_RS\images\smoke_RS001049.tif,smoke,test
E:\Projects-Seyed.Jasemi\Amir_Thesis\TUBITAK-1002\datasets\FASDD_RS\images\smoke_RS001050.tif,both,train
E:\Projects-Seyed.Jasemi\Amir_Thesis\TUBITAK-1002\datasets\FASDD_RS\images\smoke_RS001051.tif,both,val
E:\Projects-Seyed.Jasemi\Amir_Thesis\TUBITAK-1002\datasets\FASDD_RS\images\smoke_RS001052.tif,both,test
E:\Projects-Seyed.Jasemi\Amir_Thesis\TUBITAK-1002\datasets\FASDD_RS\images\smoke_RS001053.tif,both,val
E:\Projects-Seyed.Jasemi\Amir_Thesis\TUBITAK-1002\datasets\FASDD_RS\images\smoke_RS001054.tif,both,train
E:\Projects-Seyed.Jasemi\Amir_Thesis\TUBITAK-1002\datasets\FASDD_RS\images\smoke_RS001055.tif,both,val
E:\Projects-Seyed.Jasemi\Amir_Thesis\TUBITAK-1002\datasets\FASDD_RS\images\smoke_RS001056.tif,both,train
E:\Projects-Seyed.Jasemi\Amir_Thesis\TUBITAK-1002\datasets\FASDD_RS\images\smoke_RS001057.tif,both,test
E:\Projects-Seyed.Jasemi\Amir_Thesis\TUBITAK-1002\datasets\FASDD_RS\images\smoke_RS001058.tif,both,val
E:\Projects-Seyed.Jasemi\Amir_Thesis\TUBITAK-1002\datasets\FASDD_RS\images\smoke_RS001059.tif,both,val
E:\Projects-Seyed.Jasemi\Amir_Thesis\TUBITAK-1002\datasets\FASDD_RS\images\smoke_RS001060.tif,both,val
E:\Projects-Seyed.Jasemi\Amir_Thesis\TUBITAK-1002\datasets\FASDD_RS\images\smoke_RS001061.tif,both,train
E:\Projects-Seyed.Jasemi\Amir_Thesis\TUBITAK-1002\datasets\FASDD_RS\images\smoke_RS001062.tif,both,test
E:\Projects-Seyed.Jasemi\Amir_Thesis\TUBITAK-1002\datasets\FASDD_RS\images\smoke_RS001063.tif,both,train
E:\Projects-Seyed.Jasemi\Amir_Thesis\TUBITAK-1002\datasets\FASDD_RS\images\smoke_RS001064.tif,both,train
E:\Projects-Seyed.Jasemi\Amir_Thesis\TUBITAK-1002\datasets\FASDD_RS\images\smoke_RS001065.tif,both,train
E:\Projects-Seyed.Jasemi\Amir_Thesis\TUBITAK-1002\datasets\FASDD_RS\images\smoke_RS001066.tif,both,test
E:\Projects-Seyed.Jasemi\Amir_Thesis\TUBITAK-1002\datasets\FASDD_RS\images\smoke_RS001067.tif,both,val
E:\Projects-Seyed.Jasemi\Amir_Thesis\TUBITAK-1002\datasets\FASDD_RS\images\smoke_RS001068.tif,smoke,train
E:\Projects-Seyed.Jasemi\Amir_Thesis\TUBITAK-1002\datasets\FASDD_RS\images\smoke_RS001069.tif,smoke,val
E:\Projects-Seyed.Jasemi\Amir_Thesis\TUBITAK-1002\datasets\FASDD_RS\images\smoke_RS001070.tif,both,train
E:\Projects-Seyed.Jasemi\Amir_Thesis\TUBITAK-1002\datasets\FASDD_RS\images\smoke_RS001071.tif,both,train
E:\Projects-Seyed.Jasemi\Amir_Thesis\TUBITAK-1002\datasets\FASDD_RS\images\smoke_RS001072.tif,both,test
E:\Projects-Seyed.Jasemi\Amir_Thesis\TUBITAK-1002\datasets\FASDD_RS\images\smoke_RS001073.tif,both,train
E:\Projects-Seyed.Jasemi\Amir_Thesis\TUBITAK-1002\datasets\FASDD_RS\images\smoke_RS001074.tif,smoke,train
E:\Projects-Seyed.Jasemi\Amir_Thesis\TUBITAK-1002\datasets\FASDD_RS\images\smoke_RS001075.tif,both,val
E:\Projects-Seyed.Jasemi\Amir_Thesis\TUBITAK-1002\datasets\FASDD_RS\images\smoke_RS001076.tif,both,train
E:\Projects-Seyed.Jasemi\Amir_Thesis\TUBITAK-1002\datasets\FASDD_RS\images\smoke_RS001077.tif,both,train
E:\Projects-Seyed.Jasemi\Amir_Thesis\TUBITAK-1002\datasets\FASDD_RS\images\smoke_RS001078.tif,both,train
E:\Projects-Seyed.Jasemi\Amir_Thesis\TUBITAK-1002\datasets\FASDD_RS\images\smoke_RS001079.tif,both,train
E:\Projects-Seyed.Jasemi\Amir_Thesis\TUBITAK-1002\datasets\FASDD_RS\images\smoke_RS001080.tif,both,test
E:\Projects-Seyed.Jasemi\Amir_Thesis\TUBITAK-1002\datasets\FASDD_RS\images\smoke_RS001081.tif,both,train
E:\Projects-Seyed.Jasemi\Amir_Thesis\TUBITAK-1002\datasets\FASDD_RS\images\smoke_RS001082.tif,both,val
E:\Projects-Seyed.Jasemi\Amir_Thesis\TUBITAK-1002\datasets\FASDD_RS\images\smoke_RS001083.tif,both,train
E:\Projects-Seyed.Jasemi\Amir_Thesis\TUBITAK-1002\datasets\FASDD_RS\images\smoke_RS001084.tif,both,train
E:\Projects-Seyed.Jasemi\Amir_Thesis\TUBITAK-1002\datasets\FASDD_RS\images\smoke_RS001085.tif,both,train
E:\Projects-Seyed.Jasemi\Amir_Thesis\TUBITAK-1002\datasets\FASDD_RS\images\smoke_RS001086.tif,smoke,train
E:\Projects-Seyed.Jasemi\Amir_Thesis\TUBITAK-1002\datasets\FASDD_RS\images\smoke_RS001087.tif,both,val
E:\Projects-Seyed.Jasemi\Amir_Thesis\TUBITAK-1002\datasets\FASDD_RS\images\smoke_RS001088.tif,both,train
E:\Projects-Seyed.Jasemi\Amir_Thesis\TUBITAK-1002\datasets\FASDD_RS\images\smoke_RS001089.tif,both,val
E:\Projects-Seyed.Jasemi\Amir_Thesis\TUBITAK-1002\datasets\FASDD_RS\images\smoke_RS001090.tif,both,train
E:\Projects-Seyed.Jasemi\Amir_Thesis\TUBITAK-1002\datasets\FASDD_RS\images\smoke_RS001091.tif,both,train
E:\Projects-Seyed.Jasemi\Amir_Thesis\TUBITAK-1002\datasets\FASDD_RS\images\smoke_RS001092.tif,both,train
E:\Projects-Seyed.Jasemi\Amir_Thesis\TUBITAK-1002\datasets\FASDD_RS\images\smoke_RS001093.tif,both,val
E:\Projects-Seyed.Jasemi\Amir_Thesis\TUBITAK-1002\datasets\FASDD_RS\images\smoke_RS001094.tif,both,val
E:\Projects-Seyed.Jasemi\Amir_Thesis\TUBITAK-1002\datasets\FASDD_RS\images\smoke_RS001095.tif,both,train
E:\Projects-Seyed.Jasemi\Amir_Thesis\TUBITAK-1002\datasets\FASDD_RS\images\smoke_RS001096.tif,both,train
E:\Projects-Seyed.Jasemi\Amir_Thesis\TUBITAK-1002\datasets\FASDD_RS\images\smoke_RS001097.tif,both,train
E:\Projects-Seyed.Jasemi\Amir_Thesis\TUBITAK-1002\datasets\FASDD_RS\images\smoke_RS001098.tif,both,val
E:\Projects-Seyed.Jasemi\Amir_Thesis\TUBITAK-1002\datasets\FASDD_RS\images\smoke_RS001099.tif,both,train
E:\Projects-Seyed.Jasemi\Amir_Thesis\TUBITAK-1002\datasets\FASDD_RS\images\smoke_RS001100.tif,both,train
E:\Projects-Seyed.Jasemi\Amir_Thesis\TUBITAK-1002\datasets\FASDD_RS\images\smoke_RS001101.tif,both,train
E:\Projects-Seyed.Jasemi\Amir_Thesis\TUBITAK-1002\datasets\FASDD_RS\images\smoke_RS001102.tif,both,test
E:\Projects-Seyed.Jasemi\Amir_Thesis\TUBITAK-1002\datasets\FASDD_RS\images\smoke_RS001103.tif,both,train
E:\Projects-Seyed.Jasemi\Amir_Thesis\TUBITAK-1002\datasets\FASDD_RS\images\smoke_RS001104.tif,both,train
E:\Projects-Seyed.Jasemi\Amir_Thesis\TUBITAK-1002\datasets\FASDD_RS\images\smoke_RS001105.tif,both,test
E:\Projects-Seyed.Jasemi\Amir_Thesis\TUBITAK-1002\datasets\FASDD_RS\images\smoke_RS001106.tif,both,test
E:\Projects-Seyed.Jasemi\Amir_Thesis\TUBITAK-1002\datasets\FASDD_RS\images\smoke_RS001107.tif,both,train
E:\Projects-Seyed.Jasemi\Amir_Thesis\TUBITAK-1002\datasets\FASDD_RS\images\smoke_RS001108.tif,both,test
E:\Projects-Seyed.Jasemi\Amir_Thesis\TUBITAK-1002\datasets\FASDD_RS\images\smoke_RS001109.tif,both,val
E:\Projects-Seyed.Jasemi\Amir_Thesis\TUBITAK-1002\datasets\FASDD_RS\images\smoke_RS001110.tif,both,train
E:\Projects-Seyed.Jasemi\Amir_Thesis\TUBITAK-1002\datasets\FASDD_RS\images\smoke_RS001111.tif,both,train
E:\Projects-Seyed.Jasemi\Amir_Thesis\TUBITAK-1002\datasets\FASDD_RS\images\smoke_RS001112.tif,both,val
E:\Projects-Seyed.Jasemi\Amir_Thesis\TUBITAK-1002\datasets\FASDD_RS\images\smoke_RS001113.tif,both,train
E:\Projects-Seyed.Jasemi\Amir_Thesis\TUBITAK-1002\datasets\FASDD_RS\images\smoke_RS001114.tif,both,train
E:\Projects-Seyed.Jasemi\Amir_Thesis\TUBITAK-1002\datasets\FASDD_RS\images\smoke_RS001115.tif,both,test
E:\Projects-Seyed.Jasemi\Amir_Thesis\TUBITAK-1002\datasets\FASDD_RS\images\smoke_RS001116.tif,both,val
E:\Projects-Seyed.Jasemi\Amir_Thesis\TUBITAK-1002\datasets\FASDD_RS\images\smoke_RS001117.tif,both,val
E:\Projects-Seyed.Jasemi\Amir_Thesis\TUBITAK-1002\datasets\FASDD_RS\images\smoke_RS001118.tif,both,val
E:\Projects-Seyed.Jasemi\Amir_Thesis\TUBITAK-1002\datasets\FASDD_RS\images\smoke_RS001119.tif,both,val
E:\Projects-Seyed.Jasemi\Amir_Thesis\TUBITAK-1002\datasets\FASDD_RS\images\smoke_RS001120.tif,both,train
E:\Projects-Seyed.Jasemi\Amir_Thesis\TUBITAK-1002\datasets\FASDD_RS\images\smoke_RS001121.tif,both,val
E:\Projects-Seyed.Jasemi\Amir_Thesis\TUBITAK-1002\datasets\FASDD_RS\images\smoke_RS001122.tif,both,test
E:\Projects-Seyed.Jasemi\Amir_Thesis\TUBITAK-1002\datasets\FASDD_RS\images\smoke_RS001123.tif,both,test
E:\Projects-Seyed.Jasemi\Amir_Thesis\TUBITAK-1002\datasets\FASDD_RS\images\smoke_RS001124.tif,both,train
E:\Projects-Seyed.Jasemi\Amir_Thesis\TUBITAK-1002\datasets\FASDD_RS\images\smoke_RS001125.tif,both,train
E:\Projects-Seyed.Jasemi\Amir_Thesis\TUBITAK-1002\datasets\FASDD_RS\images\smoke_RS001126.tif,both,train
E:\Projects-Seyed.Jasemi\Amir_Thesis\TUBITAK-1002\datasets\FASDD_RS\images\smoke_RS001127.tif,both,test
E:\Projects-Seyed.Jasemi\Amir_Thesis\TUBITAK-1002\datasets\FASDD_RS\images\smoke_RS001128.tif,smoke,test
E:\Projects-Seyed.Jasemi\Amir_Thesis\TUBITAK-1002\datasets\FASDD_RS\images\smoke_RS001129.tif,both,val
E:\Projects-Seyed.Jasemi\Amir_Thesis\TUBITAK-1002\datasets\FASDD_RS\images\smoke_RS001130.tif,smoke,train
E:\Projects-Seyed.Jasemi\Amir_Thesis\TUBITAK-1002\datasets\FASDD_RS\images\smoke_RS001131.tif,both,val
E:\Projects-Seyed.Jasemi\Amir_Thesis\TUBITAK-1002\datasets\FASDD_RS\images\smoke_RS001132.tif,both,test
E:\Projects-Seyed.Jasemi\Amir_Thesis\TUBITAK-1002\datasets\FASDD_RS\images\smoke_RS001133.tif,both,val
E:\Projects-Seyed.Jasemi\Amir_Thesis\TUBITAK-1002\datasets\FASDD_RS\images\smoke_RS001134.tif,both,train
E:\Projects-Seyed.Jasemi\Amir_Thesis\TUBITAK-1002\datasets\FASDD_RS\images\smoke_RS001135.tif,both,test
E:\Projects-Seyed.Jasemi\Amir_Thesis\TUBITAK-1002\datasets\FASDD_RS\images\smoke_RS001136.tif,smoke,train
E:\Projects-Seyed.Jasemi\Amir_Thesis\TUBITAK-1002\datasets\FASDD_RS\images\smoke_RS001137.tif,both,train
E:\Projects-Seyed.Jasemi\Amir_Thesis\TUBITAK-1002\datasets\FASDD_RS\images\smoke_RS001138.tif,both,val
E:\Projects-Seyed.Jasemi\Amir_Thesis\TUBITAK-1002\datasets\FASDD_RS\images\smoke_RS001139.tif,both,test
E:\Projects-Seyed.Jasemi\Amir_Thesis\TUBITAK-1002\datasets\FASDD_RS\images\smoke_RS001140.tif,both,train
E:\Projects-Seyed.Jasemi\Amir_Thesis\TUBITAK-1002\datasets\FASDD_RS\images\smoke_RS001141.tif,both,train
E:\Projects-Seyed.Jasemi\Amir_Thesis\TUBITAK-1002\datasets\FASDD_RS\images\smoke_RS001142.tif,both,train
E:\Projects-Seyed.Jasemi\Amir_Thesis\TUBITAK-1002\datasets\FASDD_RS\images\smoke_RS001143.tif,both,train
E:\Projects-Seyed.Jasemi\Amir_Thesis\TUBITAK-1002\datasets\FASDD_RS\images\smoke_RS001144.tif,both,val
E:\Projects-Seyed.Jasemi\Amir_Thesis\TUBITAK-1002\datasets\FASDD_RS\images\smoke_RS001145.tif,both,val
E:\Projects-Seyed.Jasemi\Amir_Thesis\TUBITAK-1002\datasets\FASDD_RS\images\smoke_RS001146.tif,both,val
E:\Projects-Seyed.Jasemi\Amir_Thesis\TUBITAK-1002\datasets\FASDD_RS\images\smoke_RS001147.tif,both,train
E:\Projects-Seyed.Jasemi\Amir_Thesis\TUBITAK-1002\datasets\FASDD_RS\images\smoke_RS001148.tif,both,train
E:\Projects-Seyed.Jasemi\Amir_Thesis\TUBITAK-1002\datasets\FASDD_RS\images\smoke_RS001149.tif,smoke,test
E:\Projects-Seyed.Jasemi\Amir_Thesis\TUBITAK-1002\datasets\FASDD_RS\images\smoke_RS001150.tif,both,val
E:\Projects-Seyed.Jasemi\Amir_Thesis\TUBITAK-1002\datasets\FASDD_RS\images\smoke_RS001151.tif,both,val
E:\Projects-Seyed.Jasemi\Amir_Thesis\TUBITAK-1002\datasets\FASDD_RS\images\smoke_RS001152.tif,both,train
E:\Projects-Seyed.Jasemi\Amir_Thesis\TUBITAK-1002\datasets\FASDD_RS\images\smoke_RS001153.tif,both,val
E:\Projects-Seyed.Jasemi\Amir_Thesis\TUBITAK-1002\datasets\FASDD_RS\images\smoke_RS001154.tif,both,train
E:\Projects-Seyed.Jasemi\Amir_Thesis\TUBITAK-1002\datasets\FASDD_RS\images\smoke_RS001155.tif,both,train
E:\Projects-Seyed.Jasemi\Amir_Thesis\TUBITAK-1002\datasets\FASDD_RS\images\smoke_RS001156.tif,both,train
E:\Projects-Seyed.Jasemi\Amir_Thesis\TUBITAK-1002\datasets\FASDD_RS\images\smoke_RS001157.tif,both,train
E:\Projects-Seyed.Jasemi\Amir_Thesis\TUBITAK-1002\datasets\FASDD_RS\images\smoke_RS001158.tif,both,val
E:\Projects-Seyed.Jasemi\Amir_Thesis\TUBITAK-1002\datasets\FASDD_RS\images\smoke_RS001159.tif,both,train
E:\Projects-Seyed.Jasemi\Amir_Thesis\TUBITAK-1002\datasets\FASDD_RS\images\smoke_RS001160.tif,both,train
E:\Projects-Seyed.Jasemi\Amir_Thesis\TUBITAK-1002\datasets\FASDD_RS\images\smoke_RS001161.tif,smoke,train
E:\Projects-Seyed.Jasemi\Amir_Thesis\TUBITAK-1002\datasets\FASDD_RS\images\smoke_RS001162.tif,both,train
E:\Projects-Seyed.Jasemi\Amir_Thesis\TUBITAK-1002\datasets\FASDD_RS\images\smoke_RS001163.tif,both,val
E:\Projects-Seyed.Jasemi\Amir_Thesis\TUBITAK-1002\datasets\FASDD_RS\images\smoke_RS001164.tif,both,train
E:\Projects-Seyed.Jasemi\Amir_Thesis\TUBITAK-1002\datasets\FASDD_RS\images\smoke_RS001165.tif,both,test
E:\Projects-Seyed.Jasemi\Amir_Thesis\TUBITAK-1002\datasets\FASDD_RS\images\smoke_RS001166.tif,both,val
E:\Projects-Seyed.Jasemi\Amir_Thesis\TUBITAK-1002\datasets\FASDD_RS\images\smoke_RS001167.tif,both,test
E:\Projects-Seyed.Jasemi\Amir_Thesis\TUBITAK-1002\datasets\FASDD_RS\images\smoke_RS001168.tif,both,train
E:\Projects-Seyed.Jasemi\Amir_Thesis\TUBITAK-1002\datasets\FASDD_RS\images\smoke_RS001169.tif,both,val
E:\Projects-Seyed.Jasemi\Amir_Thesis\TUBITAK-1002\datasets\FASDD_RS\images\smoke_RS001170.tif,both,train
E:\Projects-Seyed.Jasemi\Amir_Thesis\TUBITAK-1002\datasets\FASDD_RS\images\smoke_RS001171.tif,both,val
E:\Projects-Seyed.Jasemi\Amir_Thesis\TUBITAK-1002\datasets\FASDD_RS\images\smoke_RS001172.tif,both,train
E:\Projects-Seyed.Jasemi\Amir_Thesis\TUBITAK-1002\datasets\FASDD_RS\images\smoke_RS001173.tif,both,val
E:\Projects-Seyed.Jasemi\Amir_Thesis\TUBITAK-1002\datasets\FASDD_RS\images\smoke_RS001174.tif,both,train
E:\Projects-Seyed.Jasemi\Amir_Thesis\TUBITAK-1002\datasets\FASDD_RS\images\smoke_RS001175.tif,both,train
E:\Projects-Seyed.Jasemi\Amir_Thesis\TUBITAK-1002\datasets\FASDD_RS\images\smoke_RS001176.tif,both,train
E:\Projects-Seyed.Jasemi\Amir_Thesis\TUBITAK-1002\datasets\FASDD_RS\images\smoke_RS001177.tif,both,val
E:\Projects-Seyed.Jasemi\Amir_Thesis\TUBITAK-1002\datasets\FASDD_RS\images\smoke_RS001178.tif,both,train
E:\Projects-Seyed.Jasemi\Amir_Thesis\TUBITAK-1002\datasets\FASDD_RS\images\smoke_RS001179.tif,both,val
E:\Projects-Seyed.Jasemi\Amir_Thesis\TUBITAK-1002\datasets\FASDD_RS\images\smoke_RS001180.tif,both,val
E:\Projects-Seyed.Jasemi\Amir_Thesis\TUBITAK-1002\datasets\FASDD_RS\images\smoke_RS001181.tif,smoke,train
E:\Projects-Seyed.Jasemi\Amir_Thesis\TUBITAK-1002\datasets\FASDD_RS\images\smoke_RS001182.tif,both,val
E:\Projects-Seyed.Jasemi\Amir_Thesis\TUBITAK-1002\datasets\FASDD_RS\images\smoke_RS001183.tif,both,test
E:\Projects-Seyed.Jasemi\Amir_Thesis\TUBITAK-1002\datasets\FASDD_RS\images\smoke_RS001184.tif,both,test
E:\Projects-Seyed.Jasemi\Amir_Thesis\TUBITAK-1002\datasets\FASDD_RS\images\smoke_RS001185.tif,smoke,train
E:\Projects-Seyed.Jasemi\Amir_Thesis\TUBITAK-1002\datasets\FASDD_RS\images\smoke_RS001186.tif,both,train
E:\Projects-Seyed.Jasemi\Amir_Thesis\TUBITAK-1002\datasets\FASDD_RS\images\smoke_RS001187.tif,both,val
E:\Projects-Seyed.Jasemi\Amir_Thesis\TUBITAK-1002\datasets\FASDD_RS\images\smoke_RS001188.tif,both,val
E:\Projects-Seyed.Jasemi\Amir_Thesis\TUBITAK-1002\datasets\FASDD_RS\images\smoke_RS001189.tif,both,train
E:\Projects-Seyed.Jasemi\Amir_Thesis\TUBITAK-1002\datasets\FASDD_RS\images\smoke_RS001190.tif,both,train
E:\Projects-Seyed.Jasemi\Amir_Thesis\TUBITAK-1002\datasets\FASDD_RS\images\smoke_RS001191.tif,both,val
E:\Projects-Seyed.Jasemi\Amir_Thesis\TUBITAK-1002\datasets\FASDD_RS\images\smoke_RS001192.tif,both,train
E:\Projects-Seyed.Jasemi\Amir_Thesis\TUBITAK-1002\datasets\FASDD_RS\images\smoke_RS001193.tif,smoke,train
E:\Projects-Seyed.Jasemi\Amir_Thesis\TUBITAK-1002\datasets\FASDD_RS\images\smoke_RS001194.tif,smoke,train
E:\Projects-Seyed.Jasemi\Amir_Thesis\TUBITAK-1002\datasets\FASDD_RS\images\smoke_RS001195.tif,smoke,test
E:\Projects-Seyed.Jasemi\Amir_Thesis\TUBITAK-1002\datasets\FASDD_RS\images\smoke_RS001196.tif,smoke,test
E:\Projects-Seyed.Jasemi\Amir_Thesis\TUBITAK-1002\datasets\FASDD_RS\images\smoke_RS001197.tif,smoke,test
E:\Projects-Seyed.Jasemi\Amir_Thesis\TUBITAK-1002\datasets\FASDD_RS\images\smoke_RS001198.tif,both,val
E:\Projects-Seyed.Jasemi\Amir_Thesis\TUBITAK-1002\datasets\FASDD_RS\images\smoke_RS001199.tif,both,val
E:\Projects-Seyed.Jasemi\Amir_Thesis\TUBITAK-1002\datasets\FASDD_RS\images\smoke_RS001200.tif,both,train
E:\Projects-Seyed.Jasemi\Amir_Thesis\TUBITAK-1002\datasets\FASDD_RS\images\smoke_RS001201.tif,both,train
E:\Projects-Seyed.Jasemi\Amir_Thesis\TUBITAK-1002\datasets\FASDD_RS\images\smoke_RS001202.tif,smoke,train
E:\Projects-Seyed.Jasemi\Amir_Thesis\TUBITAK-1002\datasets\FASDD_RS\images\smoke_RS001203.tif,both,test
E:\Projects-Seyed.Jasemi\Amir_Thesis\TUBITAK-1002\datasets\FASDD_RS\images\smoke_RS001204.tif,both,train
E:\Projects-Seyed.Jasemi\Amir_Thesis\TUBITAK-1002\datasets\FASDD_RS\images\smoke_RS001205.tif,both,train
E:\Projects-Seyed.Jasemi\Amir_Thesis\TUBITAK-1002\datasets\FASDD_RS\images\smoke_RS001206.tif,smoke,test
E:\Projects-Seyed.Jasemi\Amir_Thesis\TUBITAK-1002\datasets\FASDD_RS\images\smoke_RS001207.tif,both,train
E:\Projects-Seyed.Jasemi\Amir_Thesis\TUBITAK-1002\datasets\FASDD_RS\images\smoke_RS001208.tif,both,val
E:\Projects-Seyed.Jasemi\Amir_Thesis\TUBITAK-1002\datasets\FASDD_RS\images\smoke_RS001209.tif,both,val
E:\Projects-Seyed.Jasemi\Amir_Thesis\TUBITAK-1002\datasets\FASDD_RS\images\smoke_RS001210.tif,both,test
E:\Projects-Seyed.Jasemi\Amir_Thesis\TUBITAK-1002\datasets\FASDD_RS\images\smoke_RS001211.tif,both,val
E:\Projects-Seyed.Jasemi\Amir_Thesis\TUBITAK-1002\datasets\FASDD_RS\images\smoke_RS001212.tif,both,val
E:\Projects-Seyed.Jasemi\Amir_Thesis\TUBITAK-1002\datasets\FASDD_RS\images\smoke_RS001213.tif,smoke,train
E:\Projects-Seyed.Jasemi\Amir_Thesis\TUBITAK-1002\datasets\FASDD_RS\images\smoke_RS001214.tif,smoke,test
E:\Projects-Seyed.Jasemi\Amir_Thesis\TUBITAK-1002\datasets\FASDD_RS\images\smoke_RS001215.tif,smoke,val
E:\Projects-Seyed.Jasemi\Amir_Thesis\TUBITAK-1002\datasets\FASDD_RS\images\smoke_RS001216.tif,both,val
E:\Projects-Seyed.Jasemi\Amir_Thesis\TUBITAK-1002\datasets\FASDD_RS\images\smoke_RS001217.tif,both,train
E:\Projects-Seyed.Jasemi\Amir_Thesis\TUBITAK-1002\datasets\FASDD_RS\images\smoke_RS001218.tif,both,train
E:\Projects-Seyed.Jasemi\Amir_Thesis\TUBITAK-1002\datasets\FASDD_RS\images\smoke_RS001219.tif,both,val
E:\Projects-Seyed.Jasemi\Amir_Thesis\TUBITAK-1002\datasets\FASDD_RS\images\smoke_RS001220.tif,smoke,val
E:\Projects-Seyed.Jasemi\Amir_Thesis\TUBITAK-1002\datasets\FASDD_RS\images\smoke_RS001221.tif,smoke,train
E:\Projects-Seyed.Jasemi\Amir_Thesis\TUBITAK-1002\datasets\FASDD_RS\images\smoke_RS001222.tif,both,val
E:\Projects-Seyed.Jasemi\Amir_Thesis\TUBITAK-1002\datasets\FASDD_RS\images\smoke_RS001223.tif,both,train
E:\Projects-Seyed.Jasemi\Amir_Thesis\TUBITAK-1002\datasets\FASDD_RS\images\smoke_RS001224.tif,both,train
E:\Projects-Seyed.Jasemi\Amir_Thesis\TUBITAK-1002\datasets\FASDD_RS\images\smoke_RS001225.tif,both,test
E:\Projects-Seyed.Jasemi\Amir_Thesis\TUBITAK-1002\datasets\FASDD_RS\images\smoke_RS001226.tif,both,train
E:\Projects-Seyed.Jasemi\Amir_Thesis\TUBITAK-1002\datasets\FASDD_RS\images\smoke_RS001227.tif,both,val
E:\Projects-Seyed.Jasemi\Amir_Thesis\TUBITAK-1002\datasets\FASDD_RS\images\smoke_RS001228.tif,both,train
E:\Projects-Seyed.Jasemi\Amir_Thesis\TUBITAK-1002\datasets\FASDD_RS\images\smoke_RS001229.tif,both,train
E:\Projects-Seyed.Jasemi\Amir_Thesis\TUBITAK-1002\datasets\FASDD_RS\images\smoke_RS001230.tif,both,val
E:\Projects-Seyed.Jasemi\Amir_Thesis\TUBITAK-1002\datasets\FASDD_RS\images\smoke_RS001231.tif,both,train
E:\Projects-Seyed.Jasemi\Amir_Thesis\TUBITAK-1002\datasets\FASDD_RS\images\smoke_RS001232.tif,both,train
E:\Projects-Seyed.Jasemi\Amir_Thesis\TUBITAK-1002\datasets\FASDD_RS\images\smoke_RS001233.tif,both,train
E:\Projects-Seyed.Jasemi\Amir_Thesis\TUBITAK-1002\datasets\FASDD_RS\images\smoke_RS001234.tif,both,train
E:\Projects-Seyed.Jasemi\Amir_Thesis\TUBITAK-1002\datasets\FASDD_RS\images\smoke_RS001235.tif,both,val
E:\Projects-Seyed.Jasemi\Amir_Thesis\TUBITAK-1002\datasets\FASDD_RS\images\smoke_RS001236.tif,smoke,val
E:\Projects-Seyed.Jasemi\Amir_Thesis\TUBITAK-1002\datasets\FASDD_RS\images\smoke_RS001237.tif,smoke,val
E:\Projects-Seyed.Jasemi\Amir_Thesis\TUBITAK-1002\datasets\FASDD_RS\images\smoke_RS001238.tif,smoke,train
E:\Projects-Seyed.Jasemi\Amir_Thesis\TUBITAK-1002\datasets\FASDD_RS\images\smoke_RS001239.tif,smoke,val
E:\Projects-Seyed.Jasemi\Amir_Thesis\TUBITAK-1002\datasets\FASDD_RS\images\smoke_RS001240.tif,both,test
E:\Projects-Seyed.Jasemi\Amir_Thesis\TUBITAK-1002\datasets\FASDD_RS\images\smoke_RS001241.tif,both,train
E:\Projects-Seyed.Jasemi\Amir_Thesis\TUBITAK-1002\datasets\FASDD_RS\images\smoke_RS001242.tif,both,val
E:\Projects-Seyed.Jasemi\Amir_Thesis\TUBITAK-1002\datasets\FASDD_RS\images\smoke_RS001243.tif,both,val
E:\Projects-Seyed.Jasemi\Amir_Thesis\TUBITAK-1002\datasets\FASDD_RS\images\smoke_RS001244.tif,both,test
E:\Projects-Seyed.Jasemi\Amir_Thesis\TUBITAK-1002\datasets\FASDD_RS\images\smoke_RS001245.tif,both,train
E:\Projects-Seyed.Jasemi\Amir_Thesis\TUBITAK-1002\datasets\FASDD_RS\images\smoke_RS001246.tif,both,val
E:\Projects-Seyed.Jasemi\Amir_Thesis\TUBITAK-1002\datasets\FASDD_RS\images\smoke_RS001247.tif,both,train
E:\Projects-Seyed.Jasemi\Amir_Thesis\TUBITAK-1002\datasets\FASDD_RS\images\smoke_RS001248.tif,smoke,train
E:\Projects-Seyed.Jasemi\Amir_Thesis\TUBITAK-1002\datasets\FASDD_RS\images\smoke_RS001249.tif,both,train
E:\Projects-Seyed.Jasemi\Amir_Thesis\TUBITAK-1002\datasets\FASDD_RS\images\smoke_RS001250.tif,both,val
E:\Projects-Seyed.Jasemi\Amir_Thesis\TUBITAK-1002\datasets\FASDD_RS\images\smoke_RS001251.tif,both,val
E:\Projects-Seyed.Jasemi\Amir_Thesis\TUBITAK-1002\datasets\FASDD_RS\images\smoke_RS001252.tif,both,train
E:\Projects-Seyed.Jasemi\Amir_Thesis\TUBITAK-1002\datasets\FASDD_RS\images\smoke_RS001253.tif,both,train
E:\Projects-Seyed.Jasemi\Amir_Thesis\TUBITAK-1002\datasets\FASDD_RS\images\smoke_RS001254.tif,both,train
E:\Projects-Seyed.Jasemi\Amir_Thesis\TUBITAK-1002\datasets\FASDD_RS\images\smoke_RS001255.tif,both,train
E:\Projects-Seyed.Jasemi\Amir_Thesis\TUBITAK-1002\datasets\FASDD_RS\images\smoke_RS001256.tif,both,train
E:\Projects-Seyed.Jasemi\Amir_Thesis\TUBITAK-1002\datasets\FASDD_RS\images\smoke_RS001257.tif,both,val
E:\Projects-Seyed.Jasemi\Amir_Thesis\TUBITAK-1002\datasets\FASDD_RS\images\smoke_RS001258.tif,both,train
E:\Projects-Seyed.Jasemi\Amir_Thesis\TUBITAK-1002\datasets\FASDD_RS\images\smoke_RS001259.tif,both,val
E:\Projects-Seyed.Jasemi\Amir_Thesis\TUBITAK-1002\datasets\FASDD_RS\images\smoke_RS001260.tif,both,train
E:\Projects-Seyed.Jasemi\Amir_Thesis\TUBITAK-1002\datasets\FASDD_RS\images\smoke_RS001261.tif,both,val
E:\Projects-Seyed.Jasemi\Amir_Thesis\TUBITAK-1002\datasets\FASDD_RS\images\smoke_RS001262.tif,both,train
E:\Projects-Seyed.Jasemi\Amir_Thesis\TUBITAK-1002\datasets\FASDD_RS\images\smoke_RS001263.tif,both,val
E:\Projects-Seyed.Jasemi\Amir_Thesis\TUBITAK-1002\datasets\FASDD_RS\images\smoke_RS001264.tif,smoke,val
E:\Projects-Seyed.Jasemi\Amir_Thesis\TUBITAK-1002\datasets\FASDD_RS\images\smoke_RS001265.tif,both,train
E:\Projects-Seyed.Jasemi\Amir_Thesis\TUBITAK-1002\datasets\FASDD_RS\images\smoke_RS001266.tif,both,train
E:\Projects-Seyed.Jasemi\Amir_Thesis\TUBITAK-1002\datasets\FASDD_RS\images\smoke_RS001267.tif,both,train
E:\Projects-Seyed.Jasemi\Amir_Thesis\TUBITAK-1002\datasets\FASDD_RS\images\smoke_RS001268.tif,both,test
E:\Projects-Seyed.Jasemi\Amir_Thesis\TUBITAK-1002\datasets\FASDD_RS\images\smoke_RS001269.tif,both,val
E:\Projects-Seyed.Jasemi\Amir_Thesis\TUBITAK-1002\datasets\FASDD_RS\images\smoke_RS001270.tif,both,val
E:\Projects-Seyed.Jasemi\Amir_Thesis\TUBITAK-1002\datasets\FASDD_RS\images\smoke_RS001271.tif,both,val
E:\Projects-Seyed.Jasemi\Amir_Thesis\TUBITAK-1002\datasets\FASDD_RS\images\smoke_RS001272.tif,both,train
E:\Projects-Seyed.Jasemi\Amir_Thesis\TUBITAK-1002\datasets\FASDD_RS\images\smoke_RS001273.tif,both,val
E:\Projects-Seyed.Jasemi\Amir_Thesis\TUBITAK-1002\datasets\FASDD_RS\images\smoke_RS001274.tif,both,test
E:\Projects-Seyed.Jasemi\Amir_Thesis\TUBITAK-1002\datasets\FASDD_RS\images\smoke_RS001275.tif,both,train
E:\Projects-Seyed.Jasemi\Amir_Thesis\TUBITAK-1002\datasets\FASDD_RS\images\smoke_RS001276.tif,both,train
E:\Projects-Seyed.Jasemi\Amir_Thesis\TUBITAK-1002\datasets\FASDD_RS\images\smoke_RS001277.tif,both,train
E:\Projects-Seyed.Jasemi\Amir_Thesis\TUBITAK-1002\datasets\FASDD_RS\images\smoke_RS001278.tif,both,train
E:\Projects-Seyed.Jasemi\Amir_Thesis\TUBITAK-1002\datasets\FASDD_RS\images\smoke_RS001279.tif,both,train
E:\Projects-Seyed.Jasemi\Amir_Thesis\TUBITAK-1002\datasets\FASDD_RS\images\smoke_RS001280.tif,both,train
E:\Projects-Seyed.Jasemi\Amir_Thesis\TUBITAK-1002\datasets\FASDD_RS\images\smoke_RS001281.tif,both,train
E:\Projects-Seyed.Jasemi\Amir_Thesis\TUBITAK-1002\datasets\FASDD_RS\images\smoke_RS001282.tif,smoke,train
E:\Projects-Seyed.Jasemi\Amir_Thesis\TUBITAK-1002\datasets\FASDD_RS\images\smoke_RS001283.tif,smoke,train
E:\Projects-Seyed.Jasemi\Amir_Thesis\TUBITAK-1002\datasets\FASDD_RS\images\smoke_RS001284.tif,smoke,val
E:\Projects-Seyed.Jasemi\Amir_Thesis\TUBITAK-1002\datasets\FASDD_RS\images\smoke_RS001285.tif,smoke,train
E:\Projects-Seyed.Jasemi\Amir_Thesis\TUBITAK-1002\datasets\FASDD_RS\images\smoke_RS001286.tif,smoke,val
E:\Projects-Seyed.Jasemi\Amir_Thesis\TUBITAK-1002\datasets\FASDD_RS\images\smoke_RS001287.tif,both,val
E:\Projects-Seyed.Jasemi\Amir_Thesis\TUBITAK-1002\datasets\FASDD_RS\images\smoke_RS001288.tif,smoke,train
E:\Projects-Seyed.Jasemi\Amir_Thesis\TUBITAK-1002\datasets\FASDD_RS\images\smoke_RS001289.tif,both,val
E:\Projects-Seyed.Jasemi\Amir_Thesis\TUBITAK-1002\datasets\FASDD_RS\images\smoke_RS001290.tif,both,test
E:\Projects-Seyed.Jasemi\Amir_Thesis\TUBITAK-1002\datasets\FASDD_RS\images\smoke_RS001291.tif,both,train
E:\Projects-Seyed.Jasemi\Amir_Thesis\TUBITAK-1002\datasets\FASDD_RS\images\smoke_RS001292.tif,both,val
E:\Projects-Seyed.Jasemi\Amir_Thesis\TUBITAK-1002\datasets\FASDD_RS\images\smoke_RS001293.tif,both,train
E:\Projects-Seyed.Jasemi\Amir_Thesis\TUBITAK-1002\datasets\FASDD_RS\images\smoke_RS001294.tif,both,val
E:\Projects-Seyed.Jasemi\Amir_Thesis\TUBITAK-1002\datasets\FASDD_RS\images\smoke_RS001295.tif,both,train
E:\Projects-Seyed.Jasemi\Amir_Thesis\TUBITAK-1002\datasets\FASDD_RS\images\smoke_RS001296.tif,smoke,train
E:\Projects-Seyed.Jasemi\Amir_Thesis\TUBITAK-1002\datasets\FASDD_RS\images\smoke_RS001297.tif,both,train
E:\Projects-Seyed.Jasemi\Amir_Thesis\TUBITAK-1002\datasets\FASDD_RS\images\smoke_RS001298.tif,both,val
E:\Projects-Seyed.Jasemi\Amir_Thesis\TUBITAK-1002\datasets\FASDD_RS\images\smoke_RS001299.tif,both,train
E:\Projects-Seyed.Jasemi\Amir_Thesis\TUBITAK-1002\datasets\FASDD_RS\images\smoke_RS001300.tif,both,train
E:\Projects-Seyed.Jasemi\Amir_Thesis\TUBITAK-1002\datasets\FASDD_RS\images\smoke_RS001301.tif,both,train
E:\Projects-Seyed.Jasemi\Amir_Thesis\TUBITAK-1002\datasets\FASDD_RS\images\smoke_RS001302.tif,both,test
E:\Projects-Seyed.Jasemi\Amir_Thesis\TUBITAK-1002\datasets\FASDD_RS\images\smoke_RS001303.tif,both,train
E:\Projects-Seyed.Jasemi\Amir_Thesis\TUBITAK-1002\datasets\FASDD_RS\images\smoke_RS001304.tif,both,test
E:\Projects-Seyed.Jasemi\Amir_Thesis\TUBITAK-1002\datasets\FASDD_RS\images\smoke_RS001305.tif,both,val
E:\Projects-Seyed.Jasemi\Amir_Thesis\TUBITAK-1002\datasets\FASDD_RS\images\smoke_RS001306.tif,both,val
E:\Projects-Seyed.Jasemi\Amir_Thesis\TUBITAK-1002\datasets\FASDD_RS\images\smoke_RS001307.tif,both,train
E:\Projects-Seyed.Jasemi\Amir_Thesis\TUBITAK-1002\datasets\FASDD_RS\images\smoke_RS001308.tif,both,val
E:\Projects-Seyed.Jasemi\Amir_Thesis\TUBITAK-1002\datasets\FASDD_RS\images\smoke_RS001309.tif,both,train
E:\Projects-Seyed.Jasemi\Amir_Thesis\TUBITAK-1002\datasets\FASDD_RS\images\smoke_RS001310.tif,both,train
E:\Projects-Seyed.Jasemi\Amir_Thesis\TUBITAK-1002\datasets\FASDD_RS\images\smoke_RS001311.tif,smoke,test
E:\Projects-Seyed.Jasemi\Amir_Thesis\TUBITAK-1002\datasets\FASDD_RS\images\smoke_RS001312.tif,both,val
E:\Projects-Seyed.Jasemi\Amir_Thesis\TUBITAK-1002\datasets\FASDD_RS\images\smoke_RS001313.tif,both,val
E:\Projects-Seyed.Jasemi\Amir_Thesis\TUBITAK-1002\datasets\FASDD_RS\images\smoke_RS001314.tif,both,train
E:\Projects-Seyed.Jasemi\Amir_Thesis\TUBITAK-1002\datasets\FASDD_RS\images\smoke_RS001315.tif,both,train
E:\Projects-Seyed.Jasemi\Amir_Thesis\TUBITAK-1002\datasets\FASDD_RS\images\smoke_RS001316.tif,both,val
E:\Projects-Seyed.Jasemi\Amir_Thesis\TUBITAK-1002\datasets\FASDD_RS\images\smoke_RS001317.tif,both,test
E:\Projects-Seyed.Jasemi\Amir_Thesis\TUBITAK-1002\datasets\FASDD_RS\images\smoke_RS001318.tif,both,val
E:\Projects-Seyed.Jasemi\Amir_Thesis\TUBITAK-1002\datasets\FASDD_RS\images\smoke_RS001319.tif,both,val
E:\Projects-Seyed.Jasemi\Amir_Thesis\TUBITAK-1002\datasets\FASDD_RS\images\smoke_RS001320.tif,both,val
E:\Projects-Seyed.Jasemi\Amir_Thesis\TUBITAK-1002\datasets\FASDD_RS\images\smoke_RS001321.tif,both,val
E:\Projects-Seyed.Jasemi\Amir_Thesis\TUBITAK-1002\datasets\FASDD_RS\images\smoke_RS001322.tif,both,train
E:\Projects-Seyed.Jasemi\Amir_Thesis\TUBITAK-1002\datasets\FASDD_RS\images\smoke_RS001323.tif,both,val
E:\Projects-Seyed.Jasemi\Amir_Thesis\TUBITAK-1002\datasets\FASDD_RS\images\smoke_RS001324.tif,both,train
E:\Projects-Seyed.Jasemi\Amir_Thesis\TUBITAK-1002\datasets\FASDD_RS\images\smoke_RS001325.tif,both,train
E:\Projects-Seyed.Jasemi\Amir_Thesis\TUBITAK-1002\datasets\FASDD_RS\images\smoke_RS001326.tif,both,train
E:\Projects-Seyed.Jasemi\Amir_Thesis\TUBITAK-1002\datasets\FASDD_RS\images\smoke_RS001327.tif,both,train
E:\Projects-Seyed.Jasemi\Amir_Thesis\TUBITAK-1002\datasets\FASDD_RS\images\smoke_RS001328.tif,smoke,train
E:\Projects-Seyed.Jasemi\Amir_Thesis\TUBITAK-1002\datasets\FASDD_RS\images\smoke_RS001329.tif,both,val
E:\Projects-Seyed.Jasemi\Amir_Thesis\TUBITAK-1002\datasets\FASDD_RS\images\smoke_RS001330.tif,both,train
E:\Projects-Seyed.Jasemi\Amir_Thesis\TUBITAK-1002\datasets\FASDD_RS\images\smoke_RS001331.tif,smoke,test
E:\Projects-Seyed.Jasemi\Amir_Thesis\TUBITAK-1002\datasets\FASDD_RS\images\smoke_RS001332.tif,smoke,val
E:\Projects-Seyed.Jasemi\Amir_Thesis\TUBITAK-1002\datasets\FASDD_RS\images\smoke_RS001333.tif,both,train
E:\Projects-Seyed.Jasemi\Amir_Thesis\TUBITAK-1002\datasets\FASDD_RS\images\smoke_RS001334.tif,both,train
